start_time,end_time,FILE-CREATE,FILE-DELETE,FILE-MODIFY,FILE-READ,FILE-WRITE,FILE-RENAME,PROCESS-CREATE,PROCESS-OPEN,PROCESS-TERMINATE,REGISTRY-ADD,REGISTRY-EDIT,REGISTRY-REMOVE
07:20:27,07:40:46,0.055,0.0034,0.3534,0.181,0.1699,0.0242,0.0067,0.1941,0.0066,0.0,0.0057,0.0
07:22:06,07:43:35,0.0543,0.0038,0.3635,0.1803,0.1664,0.0238,0.0066,0.189,0.0068,0.0,0.0055,0.0
07:22:08,07:47:13,0.0555,0.0032,0.3548,0.1812,0.1723,0.0248,0.0067,0.189,0.0069,0.0,0.0056,0.0
07:23:13,07:50:02,0.0537,0.0032,0.35,0.1808,0.1651,0.0237,0.0068,0.2045,0.0066,0.0,0.0056,0.0
07:24:37,07:52:01,0.052,0.0036,0.3441,0.1911,0.1613,0.0228,0.0073,0.2044,0.0076,0.0001,0.0057,0.0
07:27:00,07:55:09,0.0548,0.0032,0.355,0.1821,0.169,0.0242,0.0067,0.1928,0.0067,0.0,0.0055,0.0
07:30:09,07:56:32,0.0509,0.0038,0.34,0.2271,0.1554,0.0221,0.0066,0.1822,0.0066,0.0,0.0053,0.0
07:32:23,07:56:57,0.0564,0.0064,0.3362,0.216,0.1532,0.0217,0.0061,0.193,0.0062,0.0,0.0048,0.0
07:34:20,07:57:19,0.0613,0.0218,0.3477,0.1929,0.1571,0.0225,0.0065,0.1783,0.0066,0.0,0.0053,0.0
07:37:31,07:57:20,0.0611,0.0058,0.3512,0.1885,0.1659,0.0235,0.0061,0.1865,0.0062,0.0,0.0052,0.0
07:40:41,07:59:19,0.0509,0.0186,0.3423,0.1838,0.1567,0.0222,0.0072,0.2056,0.0074,0.0,0.0053,0.0
07:43:36,08:01:14,0.0516,0.0032,0.3457,0.186,0.1611,0.0227,0.0072,0.2098,0.0074,0.0,0.0053,0.0
07:47:14,08:03:36,0.0524,0.0032,0.3778,0.1793,0.1609,0.0232,0.0063,0.1851,0.0065,0.0,0.0053,0.0
07:50:02,08:05:41,0.0534,0.0075,0.3685,0.1795,0.1605,0.0229,0.0064,0.1865,0.0064,0.0012,0.0068,0.0004
07:52:02,08:07:39,0.0599,0.0112,0.3515,0.1814,0.162,0.0227,0.0065,0.1881,0.0066,0.0019,0.0071,0.0011
07:55:11,08:09:28,0.0544,0.0129,0.3544,0.1837,0.1698,0.0229,0.0064,0.1828,0.0066,0.0,0.006,0.0001
07:56:34,08:12:17,0.0537,0.0038,0.3496,0.1893,0.166,0.0235,0.0068,0.1946,0.0068,0.0,0.0059,0.0
07:56:56,08:14:42,0.0526,0.0032,0.376,0.179,0.1635,0.0233,0.0063,0.1845,0.0064,0.0,0.0052,0.0
07:57:19,08:18:10,0.0552,0.0032,0.3538,0.1806,0.1722,0.0246,0.0067,0.1912,0.0069,0.0,0.0056,0.0
07:58:08,08:20:41,0.0529,0.0036,0.3493,0.193,0.1642,0.0234,0.0073,0.1932,0.0073,0.0001,0.0057,0.0
07:59:21,08:23:40,0.054,0.0032,0.3674,0.179,0.1661,0.0239,0.0065,0.1878,0.0067,0.0,0.0054,0.0
08:01:14,08:26:58,0.056,0.0038,0.3534,0.182,0.17,0.0244,0.0067,0.1914,0.0067,0.0,0.0056,0.0
08:03:36,08:28:56,0.0567,0.0056,0.3489,0.1941,0.162,0.023,0.007,0.1903,0.0069,0.0,0.0055,0.0
08:05:41,08:29:17,0.0607,0.0197,0.3427,0.1925,0.1559,0.0229,0.0065,0.187,0.0066,0.0,0.0055,0.0
08:07:39,08:29:31,0.0618,0.0219,0.3442,0.184,0.1582,0.0223,0.0061,0.19,0.0064,0.0,0.0051,0.0
08:09:28,08:30:07,0.0644,0.0087,0.3457,0.1949,0.1552,0.023,0.0065,0.1901,0.0064,0.0,0.0051,0.0
08:12:19,08:30:33,0.0497,0.0037,0.3606,0.2046,0.1596,0.0212,0.0066,0.1814,0.0064,0.0001,0.006,0.0001
08:14:42,08:31:21,0.0557,0.0067,0.3585,0.1917,0.1605,0.0247,0.0062,0.182,0.0062,0.0004,0.0057,0.0017
08:18:07,08:31:49,0.0501,0.0209,0.3379,0.1773,0.1496,0.0224,0.0063,0.2223,0.0067,0.0,0.0057,0.0008
08:20:41,08:33:47,0.0544,0.0056,0.3468,0.1844,0.1644,0.0228,0.007,0.2017,0.0073,0.0,0.0056,0.0
08:23:41,08:36:46,0.054,0.0032,0.3535,0.1835,0.1691,0.0238,0.0067,0.1935,0.0069,0.0,0.0058,0.0
08:26:59,08:40:04,0.0554,0.0032,0.3543,0.1819,0.1694,0.0244,0.0068,0.1913,0.0069,0.0002,0.006,0.0002
08:28:56,08:42:02,0.0525,0.0038,0.3691,0.1821,0.1624,0.0228,0.0064,0.1888,0.0065,0.0,0.0056,0.0
08:29:17,08:42:06,0.0468,0.0032,0.4041,0.1936,0.1447,0.0204,0.0059,0.1705,0.006,0.0,0.0048,0.0
08:29:31,08:42:06,0.047,0.0032,0.375,0.2228,0.1446,0.0204,0.0059,0.1703,0.006,0.0,0.0048,0.0
08:30:07,08:43:52,0.0509,0.0032,0.3793,0.1929,0.1563,0.0225,0.0061,0.1776,0.0062,0.0,0.005,0.0
08:30:33,08:44:48,0.0492,0.0032,0.4066,0.1753,0.1523,0.0216,0.0061,0.1745,0.0062,0.0,0.005,0.0
08:31:17,08:48:17,0.0551,0.0032,0.3554,0.1824,0.171,0.0246,0.0067,0.1892,0.0067,0.0,0.0057,0.0
08:31:49,08:49:34,0.0509,0.0032,0.3489,0.1798,0.1568,0.0219,0.0067,0.2195,0.0067,0.0,0.0056,0.0
08:33:48,08:50:28,0.0502,0.0036,0.3699,0.1914,0.1554,0.0218,0.0071,0.1879,0.0071,0.0001,0.0055,0.0
08:36:42,08:52:54,0.052,0.0032,0.3793,0.1808,0.1599,0.023,0.0063,0.1836,0.0067,0.0,0.0052,0.0
08:40:04,08:56:06,0.0548,0.0032,0.3538,0.1809,0.169,0.0242,0.0069,0.1947,0.0069,0.0,0.0056,0.0
08:42:02,08:59:28,0.0556,0.0038,0.3538,0.1812,0.1712,0.0244,0.0066,0.1911,0.0068,0.0,0.0055,0.0
08:42:06,09:02:56,0.0552,0.0034,0.3538,0.1816,0.1707,0.0246,0.0065,0.1921,0.0067,0.0,0.0054,0.0
08:42:06,09:05:10,0.0534,0.0032,0.3485,0.1861,0.1662,0.0231,0.0073,0.1992,0.007,0.0,0.006,0.0
08:43:52,09:07:27,0.0522,0.0032,0.3787,0.181,0.1627,0.0231,0.0064,0.1806,0.0068,0.0,0.0053,0.0
08:44:48,09:10:07,0.053,0.0032,0.365,0.1797,0.1657,0.0235,0.0065,0.1913,0.0067,0.0,0.0054,0.0
08:48:21,09:11:55,0.0525,0.0038,0.3456,0.1862,0.1617,0.0226,0.0071,0.2082,0.007,0.0,0.0053,0.0
08:49:32,09:12:19,0.0493,0.0035,0.3308,0.257,0.1472,0.021,0.0063,0.1736,0.0063,0.0,0.005,0.0
08:50:28,09:12:46,0.0626,0.0077,0.3488,0.193,0.1626,0.0227,0.0059,0.1857,0.006,0.0,0.005,0.0
08:52:56,09:13:58,0.0521,0.0034,0.3458,0.1837,0.1615,0.0234,0.0065,0.2121,0.0065,0.0,0.005,0.0
08:56:06,09:14:36,0.0533,0.0217,0.3346,0.1805,0.151,0.0217,0.0063,0.2191,0.0065,0.0,0.0053,0.0
08:59:30,09:14:59,0.0595,0.0196,0.343,0.1891,0.1582,0.0227,0.0069,0.1888,0.0068,0.0,0.0054,0.0
09:02:56,09:15:49,0.049,0.0032,0.3665,0.2061,0.1532,0.0218,0.0065,0.181,0.0068,0.0001,0.0057,0.0001
09:05:11,09:17:10,0.0534,0.0053,0.3464,0.1952,0.161,0.0222,0.0063,0.1895,0.0066,0.0004,0.0133,0.0004
09:07:27,09:20:03,0.0544,0.0034,0.3483,0.192,0.1651,0.024,0.0075,0.1918,0.0075,0.0,0.006,0.0
09:10:07,09:22:13,0.0525,0.0048,0.3499,0.1916,0.164,0.0231,0.0067,0.1923,0.007,0.0005,0.007,0.0006
09:11:55,09:23:09,0.0496,0.0032,0.3458,0.2017,0.1531,0.0216,0.0072,0.2033,0.0072,0.0001,0.0071,0.0001
09:12:19,09:24:28,0.0515,0.0046,0.3455,0.1924,0.1611,0.0222,0.0067,0.2006,0.0068,0.0005,0.0072,0.0009
09:12:46,09:26:17,0.0536,0.0046,0.3484,0.189,0.1643,0.0231,0.0064,0.19,0.0065,0.0004,0.0133,0.0004
09:13:58,09:28:40,0.0546,0.0054,0.3496,0.1829,0.1659,0.0235,0.0069,0.1956,0.0069,0.0005,0.0075,0.0007
09:14:37,09:30:37,0.054,0.0044,0.3496,0.1908,0.1655,0.0232,0.0064,0.1863,0.0063,0.0004,0.0127,0.0004
09:14:59,09:31:08,0.0486,0.0048,0.3572,0.1831,0.1508,0.0211,0.0067,0.2113,0.0076,0.0007,0.0075,0.0006
09:15:49,09:31:13,0.0575,0.0184,0.3597,0.1807,0.1485,0.0209,0.0063,0.196,0.0072,0.0,0.0048,0.0
09:17:10,09:31:14,0.0491,0.0094,0.3604,0.1905,0.1514,0.0206,0.0074,0.1977,0.0062,0.002,0.0051,0.0002
09:20:03,09:31:25,0.051,0.0116,0.3584,0.1949,0.148,0.0207,0.0064,0.198,0.0062,0.0,0.0048,0.0
09:22:13,09:31:29,0.0471,0.0036,0.3372,0.1921,0.1466,0.0205,0.0062,0.2336,0.0061,0.0002,0.0063,0.0005
09:23:09,09:31:37,0.0473,0.0032,0.3634,0.1926,0.1454,0.0206,0.0063,0.2103,0.0061,0.0,0.0048,0.0
09:24:29,09:31:40,0.0473,0.0032,0.3442,0.195,0.1462,0.0206,0.0062,0.2089,0.0061,0.0065,0.0136,0.0022
09:26:12,09:31:50,0.0514,0.0035,0.3415,0.1979,0.1578,0.0206,0.0066,0.2087,0.0069,0.0,0.0051,0.0
09:28:40,09:31:56,0.0475,0.0033,0.3724,0.1961,0.1456,0.0204,0.008,0.1942,0.0077,0.0,0.0048,0.0
09:30:41,09:31:59,0.0512,0.0037,0.3555,0.2071,0.148,0.0206,0.0078,0.1773,0.0078,0.0047,0.0157,0.0006
09:31:08,09:32:07,0.0508,0.0062,0.3304,0.2432,0.1512,0.0206,0.0068,0.1774,0.0071,0.0003,0.0059,0.0001
09:31:13,09:32:08,0.0479,0.0037,0.3362,0.2035,0.151,0.0206,0.0059,0.2194,0.0062,0.0003,0.0053,0.0
09:31:18,09:33:12,0.0522,0.0052,0.3409,0.1932,0.1679,0.0217,0.0074,0.198,0.0078,0.0,0.0056,0.0001
09:31:25,09:34:02,0.05,0.004,0.3381,0.2053,0.1587,0.0213,0.0068,0.203,0.0073,0.0,0.0055,0.0
09:31:29,09:34:28,0.0485,0.0034,0.3481,0.1919,0.1505,0.021,0.007,0.2147,0.007,0.0001,0.0076,0.0002
09:31:37,09:34:46,0.0475,0.0032,0.3303,0.2513,0.1476,0.0207,0.006,0.182,0.0064,0.0,0.005,0.0
09:31:41,09:35:02,0.061,0.0068,0.3389,0.2081,0.1567,0.0226,0.0062,0.1883,0.0062,0.0,0.0052,0.0
09:31:50,09:36:19,0.055,0.0048,0.35,0.1842,0.1632,0.0233,0.0063,0.2019,0.0063,0.0,0.005,0.0
09:31:56,09:37:29,0.0501,0.0032,0.3443,0.1894,0.1569,0.022,0.0076,0.2131,0.0079,0.0,0.0055,0.0
09:31:59,09:37:42,0.0494,0.004,0.3531,0.2017,0.15,0.0209,0.0061,0.2005,0.0061,0.0005,0.0071,0.0006
09:32:07,09:38:57,0.0514,0.005,0.3485,0.1965,0.16,0.0219,0.0067,0.1931,0.0068,0.0009,0.008,0.0012
09:32:08,09:40:13,0.0592,0.005,0.3521,0.186,0.1669,0.022,0.0068,0.1874,0.0069,0.0004,0.0067,0.0006
09:33:16,09:41:22,0.0517,0.0044,0.3471,0.1915,0.1629,0.0221,0.0062,0.1979,0.0064,0.0005,0.0086,0.0007
09:34:03,09:41:51,0.0502,0.0216,0.3474,0.1834,0.1512,0.0216,0.0068,0.2044,0.0069,0.0,0.0062,0.0003
09:34:27,09:42:25,0.0494,0.0032,0.3539,0.2066,0.154,0.0211,0.0066,0.1925,0.0066,0.0,0.0061,0.0
09:34:46,09:42:35,0.0551,0.0114,0.3456,0.2136,0.1549,0.0206,0.0064,0.1799,0.0063,0.0001,0.0061,0.0
09:35:03,09:43:22,0.052,0.0068,0.348,0.2092,0.1531,0.0215,0.0068,0.1884,0.0067,0.0005,0.0065,0.0005
09:36:19,09:44:20,0.054,0.0075,0.3568,0.1906,0.161,0.0253,0.0061,0.1853,0.0063,0.0,0.0052,0.0019
09:37:29,09:46:21,0.052,0.004,0.3464,0.1822,0.1626,0.0324,0.0065,0.2001,0.0068,0.0,0.0066,0.0004
09:37:45,09:49:00,0.0543,0.0035,0.3499,0.1851,0.1703,0.0245,0.0066,0.1936,0.0067,0.0,0.0055,0.0
09:38:57,09:50:02,0.0508,0.004,0.339,0.1983,0.1544,0.0217,0.007,0.2098,0.0069,0.0005,0.007,0.0006
09:40:13,09:51:07,0.0507,0.0042,0.345,0.1907,0.1601,0.0219,0.0074,0.205,0.0078,0.0001,0.0068,0.0003
09:41:19,09:52:37,0.0525,0.0054,0.3445,0.19,0.1609,0.0228,0.0064,0.2013,0.0066,0.0005,0.0081,0.001
09:41:52,09:53:00,0.0497,0.0032,0.3404,0.2064,0.1546,0.0218,0.0093,0.2003,0.0092,0.0,0.0051,0.0
09:42:25,09:54:11,0.0485,0.0032,0.332,0.1887,0.1491,0.021,0.0103,0.2309,0.0105,0.0,0.0058,0.0
09:42:35,09:54:19,0.0472,0.0032,0.3296,0.1838,0.1467,0.0206,0.0083,0.2474,0.0084,0.0,0.0048,0.0
09:43:22,09:54:26,0.047,0.0032,0.3333,0.1846,0.1458,0.0205,0.0085,0.2439,0.0084,0.0,0.0048,0.0
09:44:20,09:54:27,0.047,0.0032,0.3296,0.1884,0.1461,0.0205,0.0084,0.2437,0.0083,0.0,0.0048,0.0
09:46:21,09:54:39,0.0475,0.0032,0.3286,0.1842,0.146,0.0205,0.008,0.2489,0.0083,0.0,0.0048,0.0
09:49:00,09:54:45,0.0471,0.0032,0.3306,0.1881,0.147,0.0206,0.0085,0.2417,0.0084,0.0,0.0048,0.0
09:50:00,09:54:52,0.047,0.0032,0.3291,0.1816,0.1448,0.0205,0.0085,0.2523,0.0082,0.0,0.0048,0.0
09:51:08,09:54:58,0.0471,0.0032,0.3295,0.1881,0.1463,0.0205,0.01,0.2418,0.0086,0.0,0.0049,0.0
09:52:37,09:54:57,0.047,0.0032,0.3292,0.1855,0.1458,0.0205,0.0066,0.2491,0.0081,0.0,0.005,0.0
09:53:00,09:54:47,0.0473,0.0032,0.3305,0.185,0.1468,0.0207,0.0066,0.2474,0.0075,0.0,0.005,0.0
09:54:11,09:56:34,0.0518,0.0042,0.3438,0.1942,0.1618,0.0221,0.0067,0.2011,0.0067,0.0005,0.0065,0.0006
09:54:19,09:57:39,0.0562,0.0061,0.3491,0.1944,0.1624,0.023,0.0068,0.1859,0.007,0.0005,0.0073,0.0013
09:54:26,09:58:54,0.0532,0.0063,0.3516,0.2056,0.1591,0.0247,0.0064,0.1788,0.0064,0.0,0.0062,0.0017
09:54:31,10:01:55,0.0543,0.0032,0.3526,0.1826,0.168,0.024,0.0064,0.1964,0.0068,0.0,0.0057,0.0
09:54:39,10:04:29,0.0542,0.0032,0.35,0.1821,0.1691,0.0238,0.0069,0.1975,0.007,0.0,0.0062,0.0
09:54:45,10:07:53,0.055,0.0032,0.3538,0.1799,0.1713,0.0245,0.0065,0.1938,0.0066,0.0,0.0054,0.0
09:54:52,10:08:04,0.0493,0.0034,0.3339,0.1963,0.148,0.0206,0.0063,0.2297,0.0063,0.0006,0.0056,0.0
09:54:58,10:08:02,0.0482,0.0035,0.3417,0.1812,0.1573,0.0211,0.0059,0.2303,0.006,0.0,0.0048,0.0
09:54:58,10:10:15,0.0512,0.0033,0.3429,0.1765,0.1601,0.0226,0.0063,0.2251,0.0066,0.0,0.0054,0.0
09:54:47,10:13:02,0.0544,0.0038,0.354,0.1812,0.1685,0.0237,0.0067,0.195,0.0067,0.0,0.006,0.0
09:56:33,10:13:06,0.0468,0.0032,0.4116,0.1858,0.1451,0.0204,0.0059,0.1704,0.006,0.0,0.0048,0.0
09:57:39,10:13:03,0.047,0.0032,0.3538,0.2441,0.1445,0.0204,0.0059,0.1703,0.006,0.0,0.0048,0.0
09:58:56,10:15:22,0.0524,0.0032,0.3809,0.1793,0.162,0.0232,0.0063,0.1811,0.0064,0.0,0.0052,0.0
10:01:55,10:18:53,0.0551,0.0032,0.3578,0.181,0.1721,0.0249,0.0065,0.1873,0.0067,0.0,0.0054,0.0
10:04:30,10:21:00,0.0527,0.0036,0.3484,0.194,0.1621,0.0232,0.0075,0.1949,0.0076,0.0001,0.0059,0.0
10:07:53,10:24:36,0.055,0.0032,0.3538,0.1809,0.1705,0.0244,0.0066,0.1936,0.0066,0.0,0.0054,0.0
10:08:03,10:26:59,0.0535,0.0038,0.3642,0.1855,0.1626,0.0232,0.0069,0.1873,0.0069,0.0001,0.0059,0.0001
10:08:02,10:27:34,0.0491,0.0038,0.3364,0.2003,0.1522,0.0213,0.0072,0.2157,0.0071,0.0,0.0068,0.0001
10:10:00,10:28:36,0.0504,0.0037,0.3406,0.1984,0.163,0.0219,0.0069,0.2018,0.007,0.0001,0.006,0.0002
10:13:02,10:29:45,0.0534,0.0073,0.3551,0.1836,0.167,0.0256,0.0066,0.1867,0.0068,0.0,0.0058,0.0021
10:13:06,10:31:05,0.0532,0.0034,0.3529,0.1871,0.1659,0.0221,0.0069,0.1942,0.0069,0.0001,0.007,0.0003
10:13:06,10:31:43,0.0487,0.0032,0.3365,0.2011,0.1558,0.0211,0.0107,0.2063,0.0109,0.0,0.0057,0.0
10:15:23,10:31:49,0.0476,0.0032,0.3303,0.1834,0.1478,0.0206,0.0084,0.2453,0.0084,0.0,0.005,0.0
10:18:55,10:31:55,0.0472,0.0032,0.3294,0.1839,0.1457,0.0206,0.009,0.2476,0.0086,0.0,0.0048,0.0
10:21:00,10:32:02,0.047,0.0032,0.3292,0.184,0.146,0.0205,0.0079,0.2488,0.0083,0.0,0.0051,0.0
10:24:36,10:32:08,0.047,0.0032,0.3293,0.1858,0.146,0.0205,0.0095,0.2455,0.0084,0.0,0.0048,0.0
10:26:59,10:32:15,0.0473,0.0032,0.3295,0.1855,0.1481,0.0205,0.0085,0.2441,0.0085,0.0,0.0048,0.0
10:27:34,10:32:21,0.0469,0.0032,0.3292,0.1829,0.1458,0.0205,0.0077,0.2514,0.0076,0.0,0.0048,0.0
10:28:37,10:32:27,0.0472,0.0032,0.3291,0.185,0.1455,0.0206,0.0081,0.2477,0.0086,0.0,0.005,0.0
10:29:42,10:32:33,0.047,0.0032,0.3294,0.1848,0.1456,0.0205,0.008,0.2481,0.0086,0.0,0.0048,0.0
10:31:06,10:32:40,0.047,0.0032,0.3307,0.1871,0.1483,0.0205,0.0082,0.242,0.0082,0.0,0.0048,0.0
10:31:43,10:32:53,0.0477,0.0032,0.3319,0.1963,0.1489,0.0211,0.0063,0.2321,0.0075,0.0,0.005,0.0
10:31:49,10:33:14,0.0493,0.0051,0.3332,0.2132,0.1499,0.0208,0.0067,0.2103,0.0064,0.0,0.0051,0.0
10:31:55,10:33:37,0.0544,0.0061,0.3355,0.2309,0.1521,0.0213,0.0062,0.182,0.0066,0.0,0.0049,0.0
10:32:02,10:33:57,0.0602,0.0201,0.3437,0.1914,0.1605,0.0225,0.0063,0.1836,0.0064,0.0,0.0053,0.0
10:32:08,10:34:27,0.0628,0.0079,0.3499,0.189,0.1661,0.023,0.0061,0.184,0.006,0.0,0.0052,0.0
10:32:15,10:36:17,0.054,0.0036,0.3482,0.1846,0.1748,0.0236,0.0064,0.1929,0.0067,0.0,0.0052,0.0
10:32:21,10:38:48,0.0545,0.0056,0.3523,0.1829,0.1747,0.0238,0.0063,0.188,0.0065,0.0,0.0054,0.0
10:32:27,10:40:13,0.0509,0.0034,0.3426,0.1881,0.1588,0.0221,0.0077,0.2133,0.0075,0.0,0.0055,0.0001
10:32:33,10:41:27,0.0521,0.004,0.3447,0.1936,0.1626,0.0219,0.0066,0.1994,0.0065,0.0005,0.0075,0.0006
10:32:40,10:42:47,0.0532,0.0052,0.3445,0.1937,0.1624,0.0225,0.0065,0.1963,0.0066,0.0006,0.0076,0.0009
10:32:54,10:46:23,0.0555,0.0032,0.3536,0.1816,0.17,0.0248,0.0067,0.1918,0.0071,0.0,0.0057,0.0
10:33:16,10:49:10,0.0538,0.0032,0.3482,0.1865,0.1637,0.0238,0.0067,0.2014,0.0067,0.0,0.006,0.0
10:33:37,10:50:15,0.0503,0.0046,0.3396,0.1938,0.1526,0.0219,0.0071,0.2086,0.0074,0.0005,0.013,0.0006
10:33:57,10:51:34,0.0501,0.0036,0.3437,0.186,0.161,0.0219,0.0076,0.2133,0.0077,0.0,0.0051,0.0
10:34:22,10:54:00,0.0538,0.0032,0.3558,0.1906,0.1686,0.0243,0.0065,0.1851,0.0068,0.0,0.0053,0.0
10:36:19,10:57:01,0.0555,0.0038,0.3514,0.1827,0.1681,0.0242,0.0069,0.1948,0.0068,0.0,0.0058,0.0
10:38:50,11:00:46,0.0556,0.0032,0.3555,0.1815,0.1722,0.0248,0.0065,0.1887,0.0066,0.0,0.0054,0.0
10:40:13,11:04:13,0.0552,0.0032,0.3536,0.1812,0.1704,0.0246,0.0068,0.1922,0.0069,0.0,0.0059,0.0
10:41:27,11:05:17,0.0581,0.016,0.3545,0.182,0.1596,0.0218,0.0062,0.1853,0.0064,0.0018,0.0073,0.001
10:42:50,11:08:47,0.0551,0.0032,0.3577,0.1804,0.1719,0.0245,0.0065,0.1887,0.0066,0.0,0.0054,0.0
10:46:24,11:11:29,0.0538,0.0032,0.351,0.1892,0.1662,0.0236,0.0069,0.1937,0.0068,0.0,0.0056,0.0
10:49:10,11:13:44,0.0563,0.0122,0.3565,0.1819,0.1654,0.023,0.0065,0.1831,0.0067,0.0012,0.0068,0.0004
10:50:15,11:16:02,0.0524,0.0032,0.3576,0.1914,0.1624,0.0232,0.0065,0.1913,0.0066,0.0,0.0054,0.0
10:51:34,11:16:05,0.047,0.0032,0.3904,0.2076,0.1442,0.0205,0.0059,0.1704,0.006,0.0,0.0048,0.0
10:54:00,11:16:09,0.047,0.0032,0.3789,0.2189,0.1445,0.0205,0.0059,0.1703,0.006,0.0,0.0048,0.0
10:56:58,11:18:06,0.0514,0.0032,0.3587,0.2026,0.1606,0.0226,0.0063,0.1829,0.0065,0.0,0.0052,0.0
11:00:46,11:20:09,0.0522,0.0032,0.3509,0.2022,0.1609,0.0231,0.007,0.1875,0.0068,0.0001,0.006,0.0001
11:04:13,11:21:18,0.0523,0.0052,0.348,0.1901,0.1607,0.0221,0.007,0.1992,0.0072,0.0005,0.0071,0.0006
11:05:18,11:23:18,0.0524,0.0042,0.3551,0.1905,0.1622,0.0232,0.0069,0.1907,0.0071,0.0001,0.0072,0.0004
11:08:47,11:24:30,0.05,0.0034,0.3574,0.1968,0.1565,0.022,0.0071,0.1943,0.0067,0.0,0.0056,0.0002
11:11:29,11:24:54,0.0499,0.0043,0.3435,0.2183,0.1497,0.021,0.0068,0.1922,0.007,0.0006,0.0062,0.0005
11:13:43,11:25:59,0.0546,0.0146,0.3551,0.1843,0.1622,0.0259,0.0061,0.1827,0.0064,0.0,0.006,0.0021
11:16:03,11:26:08,0.0476,0.0137,0.3783,0.1795,0.1462,0.0206,0.0067,0.1953,0.0069,0.0,0.0052,0.0
11:16:05,11:27:25,0.0529,0.0047,0.3499,0.1939,0.1603,0.0223,0.0068,0.1928,0.0069,0.0005,0.0084,0.0006
11:16:08,11:30:05,0.0541,0.0047,0.3511,0.182,0.1666,0.0238,0.0067,0.196,0.007,0.0004,0.007,0.0006
11:18:06,11:31:01,0.0506,0.0032,0.3659,0.1974,0.1568,0.0217,0.0067,0.1855,0.0065,0.0,0.0057,0.0
11:20:09,11:31:51,0.0496,0.004,0.3349,0.1986,0.1517,0.0211,0.0072,0.218,0.0072,0.0005,0.0066,0.0006
11:21:18,11:33:14,0.052,0.0055,0.3459,0.1808,0.1621,0.0223,0.007,0.211,0.0075,0.0,0.0059,0.0
11:23:18,11:34:55,0.0541,0.0047,0.344,0.2033,0.1566,0.0228,0.0068,0.1935,0.0068,0.0001,0.0069,0.0004
11:24:30,11:35:55,0.0548,0.0081,0.3553,0.1941,0.1619,0.0257,0.0061,0.1794,0.0062,0.0004,0.0055,0.0025
11:24:54,11:36:28,0.0484,0.0037,0.3591,0.1962,0.1504,0.0212,0.0072,0.2005,0.0074,0.0,0.0057,0.0002
11:25:59,11:37:49,0.0504,0.0032,0.3413,0.1957,0.1579,0.0221,0.0079,0.2078,0.0085,0.0,0.0052,0.0
11:26:08,11:38:19,0.0487,0.0032,0.3333,0.198,0.1493,0.0211,0.0106,0.2199,0.0102,0.0,0.0057,0.0
11:27:26,11:38:25,0.047,0.0032,0.3288,0.1807,0.1456,0.0205,0.0087,0.2519,0.0086,0.0,0.005,0.0
11:30:05,11:38:34,0.0472,0.0032,0.3303,0.1855,0.1469,0.0206,0.0088,0.2436,0.0091,0.0,0.0048,0.0
11:31:01,11:38:40,0.047,0.0032,0.3288,0.1817,0.1453,0.0205,0.0083,0.2521,0.0083,0.0,0.0048,0.0
11:31:51,11:38:48,0.0472,0.0032,0.3298,0.1873,0.1454,0.0206,0.0093,0.2432,0.0092,0.0,0.0048,0.0
11:33:14,11:38:52,0.047,0.0032,0.329,0.1854,0.1461,0.0205,0.0077,0.248,0.0083,0.0,0.0048,0.0
11:34:55,11:38:57,0.047,0.0032,0.3291,0.1886,0.1453,0.0205,0.009,0.2439,0.0086,0.0,0.0048,0.0
11:35:57,11:39:04,0.047,0.0032,0.3289,0.1828,0.1463,0.0205,0.0085,0.2492,0.0086,0.0,0.005,0.0
11:36:28,11:39:10,0.047,0.0032,0.3296,0.1908,0.1458,0.0205,0.0081,0.2417,0.0085,0.0,0.0048,0.0
11:37:49,11:39:15,0.047,0.0032,0.329,0.1853,0.1456,0.0205,0.0083,0.2479,0.0084,0.0,0.0048,0.0
11:38:19,11:39:25,0.0472,0.0032,0.3308,0.1887,0.147,0.0206,0.0074,0.2428,0.0073,0.0,0.005,0.0
11:38:25,11:39:09,0.0496,0.0043,0.3351,0.1952,0.149,0.0211,0.0063,0.2259,0.0063,0.0005,0.0061,0.0006
11:38:34,11:40:22,0.052,0.0062,0.3466,0.1996,0.1576,0.0244,0.0061,0.1944,0.0062,0.0,0.0054,0.0015
11:38:40,11:42:53,0.0548,0.0049,0.3528,0.1826,0.1698,0.0241,0.0065,0.1911,0.0067,0.0,0.0061,0.0006
11:38:48,11:45:42,0.0547,0.0032,0.3508,0.1821,0.1679,0.0239,0.0068,0.1976,0.0068,0.0,0.0062,0.0
11:38:52,11:49:08,0.0551,0.0032,0.3558,0.1809,0.1709,0.0245,0.0068,0.19,0.0071,0.0,0.0057,0.0
11:38:57,11:50:23,0.0504,0.0036,0.3391,0.1898,0.1554,0.0219,0.0072,0.2196,0.0073,0.0001,0.0056,0.0
11:39:04,11:53:58,0.0551,0.0032,0.3557,0.1808,0.1712,0.0246,0.0065,0.1908,0.0067,0.0,0.0054,0.0
11:39:10,11:56:55,0.0552,0.0038,0.3506,0.1813,0.1679,0.024,0.007,0.1979,0.0068,0.0,0.0055,0.0
11:39:15,11:59:53,0.055,0.0034,0.3507,0.1821,0.1697,0.0239,0.0066,0.1961,0.0067,0.0,0.0058,0.0
11:39:24,12:03:28,0.0555,0.0032,0.3526,0.1818,0.1709,0.0247,0.0068,0.1916,0.0071,0.0,0.0058,0.0
11:39:09,12:06:46,0.0551,0.0032,0.3556,0.1813,0.1704,0.0246,0.0065,0.1911,0.0067,0.0,0.0055,0.0
11:40:24,12:10:07,0.0548,0.0032,0.3552,0.1836,0.1703,0.0242,0.007,0.1891,0.0069,0.0,0.0057,0.0
11:42:52,12:12:49,0.0552,0.004,0.3499,0.1826,0.1682,0.0237,0.0067,0.1971,0.0067,0.0,0.0059,0.0
11:45:44,12:16:27,0.0553,0.0032,0.3534,0.181,0.1697,0.0246,0.0067,0.1935,0.007,0.0,0.0056,0.0
11:49:08,12:19:47,0.055,0.0032,0.3556,0.1812,0.1724,0.0248,0.0065,0.1892,0.0067,0.0,0.0054,0.0
11:50:25,12:22:01,0.0523,0.0036,0.3519,0.1932,0.1629,0.0233,0.0075,0.1917,0.0076,0.0001,0.0059,0.0
11:53:58,12:22:05,0.047,0.0032,0.3982,0.1991,0.1448,0.0205,0.0059,0.1705,0.006,0.0,0.0048,0.0
11:56:56,12:22:03,0.0468,0.0032,0.3934,0.2048,0.1444,0.0204,0.0059,0.1703,0.006,0.0,0.0048,0.0
11:59:54,12:23:54,0.0511,0.0032,0.3563,0.2119,0.1573,0.0225,0.0061,0.1804,0.0062,0.0,0.005,0.0
12:03:28,12:26:35,0.0538,0.0032,0.3643,0.1804,0.1652,0.0236,0.0068,0.1907,0.0066,0.0,0.0054,0.0
12:06:46,12:30:10,0.056,0.0038,0.3545,0.1824,0.1704,0.0247,0.0067,0.1888,0.007,0.0,0.0057,0.0
12:10:06,12:32:00,0.0517,0.0032,0.3532,0.1768,0.1581,0.0227,0.0065,0.2154,0.0067,0.0,0.0057,0.0
12:12:49,12:33:55,0.0541,0.0056,0.3459,0.189,0.1618,0.0227,0.0071,0.2017,0.0069,0.0,0.0052,0.0
12:16:27,12:34:07,0.0536,0.0112,0.3575,0.1808,0.1477,0.0208,0.0063,0.2088,0.0081,0.0,0.0052,0.0
12:19:47,12:34:12,0.0532,0.0168,0.3547,0.1833,0.1493,0.0207,0.0067,0.2027,0.0068,0.0003,0.0055,0.0
12:22:01,12:34:16,0.0507,0.0116,0.3704,0.1877,0.1484,0.0207,0.0071,0.1925,0.0061,0.0,0.0048,0.0
12:22:05,12:34:21,0.0475,0.0034,0.344,0.1926,0.1464,0.0205,0.0065,0.2226,0.0062,0.0024,0.0069,0.001
12:22:05,12:34:29,0.0489,0.0034,0.3648,0.1902,0.1476,0.0206,0.0063,0.1948,0.0062,0.005,0.0104,0.0018
12:23:54,12:34:34,0.0482,0.0032,0.3382,0.2059,0.147,0.0207,0.0062,0.2193,0.006,0.0001,0.0051,0.0001
12:26:35,12:34:41,0.0491,0.0038,0.3536,0.2019,0.1471,0.0205,0.0066,0.2022,0.0065,0.0013,0.0074,0.0
12:30:10,12:34:46,0.0481,0.0041,0.3582,0.1877,0.1555,0.0205,0.0065,0.2083,0.0063,0.0,0.0048,0.0
12:31:57,12:34:51,0.0483,0.0045,0.3729,0.199,0.1458,0.0205,0.0081,0.1876,0.008,0.0002,0.0051,0.0
12:33:55,12:34:56,0.0518,0.0038,0.3316,0.214,0.1493,0.0205,0.0076,0.1898,0.0085,0.0052,0.0173,0.0006
12:34:07,12:34:58,0.0484,0.0038,0.3281,0.254,0.1495,0.0205,0.0064,0.1771,0.0062,0.0003,0.0056,0.0001
12:34:13,12:35:38,0.0493,0.0034,0.3485,0.1822,0.1602,0.0217,0.0066,0.2139,0.0069,0.0001,0.007,0.0002
12:34:16,12:36:28,0.0528,0.0065,0.3532,0.1908,0.1683,0.0246,0.0062,0.1838,0.0062,0.0,0.006,0.0016
12:34:21,12:37:58,0.0516,0.0043,0.3456,0.1906,0.1658,0.0228,0.0062,0.199,0.0069,0.0,0.0066,0.0006
12:34:29,12:39:55,0.0522,0.0032,0.3562,0.1801,0.1738,0.0228,0.0065,0.1927,0.0067,0.0,0.0058,0.0
12:34:34,12:40:47,0.0493,0.0032,0.363,0.1884,0.1579,0.0219,0.0065,0.1978,0.0064,0.0,0.0056,0.0
12:34:41,12:41:41,0.0516,0.0056,0.3516,0.1936,0.1606,0.0213,0.0066,0.1956,0.0065,0.0001,0.0069,0.0
12:34:46,12:43:12,0.059,0.0128,0.3477,0.1891,0.1688,0.0223,0.0063,0.1821,0.0065,0.0,0.0054,0.0
12:34:51,12:44:14,0.0492,0.0032,0.3923,0.1746,0.1578,0.0216,0.0061,0.1838,0.0064,0.0,0.005,0.0
12:34:56,12:46:23,0.0521,0.0038,0.3709,0.1784,0.1685,0.023,0.0063,0.1851,0.0065,0.0,0.0054,0.0
12:35:00,12:49:14,0.0537,0.0034,0.3503,0.1801,0.1688,0.0238,0.0068,0.2,0.0067,0.0,0.0063,0.0001
12:35:38,12:50:06,0.0498,0.0038,0.3382,0.1969,0.1536,0.0313,0.0075,0.2054,0.0074,0.0001,0.006,0.0
12:36:31,12:52:03,0.0522,0.0034,0.356,0.1777,0.1635,0.023,0.0064,0.2056,0.0069,0.0,0.0053,0.0
12:37:58,12:55:03,0.0542,0.0032,0.3571,0.1798,0.1692,0.0239,0.0067,0.1938,0.0067,0.0,0.0054,0.0
12:39:56,12:58:26,0.0558,0.0038,0.3557,0.1816,0.1706,0.0245,0.0066,0.1891,0.0068,0.0,0.0055,0.0
12:40:52,13:01:44,0.0547,0.0034,0.3584,0.1798,0.1716,0.0243,0.0065,0.1892,0.0066,0.0,0.0055,0.0
12:41:41,13:04:50,0.0535,0.0032,0.3601,0.1813,0.1666,0.0238,0.0088,0.1902,0.0067,0.0,0.0058,0.0
12:43:07,13:05:01,0.0482,0.0032,0.3345,0.2052,0.1498,0.021,0.0078,0.2155,0.0095,0.0,0.0053,0.0
12:44:14,13:05:17,0.0481,0.0032,0.332,0.1885,0.1476,0.0208,0.0112,0.2347,0.0087,0.0,0.0052,0.0
12:46:23,13:05:23,0.047,0.0032,0.3297,0.1853,0.1464,0.0205,0.0085,0.2458,0.0086,0.0,0.005,0.0
12:49:14,13:05:31,0.0472,0.0032,0.3295,0.1854,0.1464,0.0206,0.0066,0.2473,0.009,0.0,0.0048,0.0
12:50:06,13:05:39,0.047,0.0032,0.3291,0.1804,0.1455,0.0205,0.0119,0.249,0.0086,0.0,0.0048,0.0
12:52:04,13:05:44,0.0471,0.0032,0.3303,0.1924,0.1469,0.0205,0.007,0.2396,0.0082,0.0,0.0048,0.0
12:55:03,13:05:51,0.047,0.0032,0.3285,0.1786,0.145,0.0205,0.0064,0.2577,0.0083,0.0,0.0048,0.0
12:58:26,13:06:02,0.0473,0.0032,0.3306,0.1886,0.147,0.0207,0.0078,0.2411,0.0087,0.0,0.005,0.0
13:01:44,13:06:09,0.0471,0.0032,0.3295,0.1856,0.1458,0.0205,0.0099,0.2451,0.0085,0.0,0.0048,0.0
13:04:50,13:06:15,0.047,0.0032,0.3294,0.1859,0.1457,0.0206,0.0062,0.2493,0.0077,0.0,0.005,0.0
13:05:01,13:06:35,0.0491,0.0038,0.3426,0.2098,0.1482,0.0209,0.0061,0.2061,0.0067,0.0003,0.006,0.0004
13:05:17,13:07:39,0.054,0.0076,0.3541,0.1829,0.162,0.0255,0.0067,0.1924,0.0065,0.0002,0.0059,0.0022
13:05:23,13:08:32,0.0515,0.0046,0.3468,0.1931,0.1567,0.0221,0.0061,0.1963,0.0065,0.0005,0.0153,0.0005
13:05:31,13:11:31,0.0557,0.0032,0.3564,0.1817,0.1689,0.024,0.0067,0.1907,0.007,0.0,0.0057,0.0
13:05:39,13:12:34,0.0507,0.0054,0.3709,0.1989,0.1534,0.0219,0.0063,0.1786,0.0063,0.0004,0.0066,0.0006
13:05:44,13:12:38,0.0471,0.0032,0.366,0.2246,0.1476,0.0205,0.0062,0.1737,0.0063,0.0,0.0048,0.0
13:05:51,13:13:01,0.048,0.0033,0.4057,0.179,0.1469,0.0208,0.0064,0.1775,0.0064,0.0,0.006,0.0
13:06:02,13:13:25,0.0483,0.0033,0.3507,0.2314,0.1495,0.0209,0.0059,0.179,0.006,0.0,0.005,0.0
13:06:09,13:13:45,0.0502,0.0038,0.3392,0.211,0.1564,0.0217,0.0069,0.1986,0.0067,0.0001,0.0054,0.0
13:06:12,13:16:35,0.0526,0.0032,0.3497,0.1795,0.1777,0.0235,0.0063,0.1957,0.0066,0.0,0.0052,0.0
13:06:35,13:19:07,0.0529,0.0032,0.3501,0.1797,0.1788,0.0235,0.0065,0.1931,0.0067,0.0,0.0055,0.0
13:07:39,13:20:07,0.0515,0.0036,0.3456,0.1936,0.1691,0.0227,0.0072,0.194,0.0071,0.0001,0.0055,0.0
13:08:29,13:23:14,0.0526,0.0032,0.3483,0.1784,0.1762,0.0233,0.0065,0.1993,0.0067,0.0,0.0055,0.0
13:11:31,13:26:06,0.054,0.0038,0.3524,0.18,0.1732,0.0238,0.0067,0.1936,0.0068,0.0,0.0056,0.0001
13:12:34,13:29:30,0.0558,0.004,0.3539,0.1814,0.1733,0.0245,0.0066,0.1882,0.0068,0.0,0.0055,0.0
13:12:42,13:31:41,0.0523,0.0032,0.3557,0.1772,0.1617,0.0229,0.0065,0.2087,0.0064,0.0,0.0054,0.0
13:13:01,13:32:59,0.0536,0.005,0.3494,0.1799,0.165,0.0231,0.007,0.204,0.0074,0.0,0.0056,0.0
13:13:25,13:37:01,0.0556,0.0038,0.3503,0.1808,0.169,0.0242,0.0067,0.1969,0.0069,0.0,0.0058,0.0
13:13:45,13:40:28,0.0554,0.0032,0.3551,0.1815,0.171,0.0245,0.0067,0.1902,0.0066,0.0,0.0058,0.0
13:16:33,13:41:53,0.0512,0.0038,0.3437,0.187,0.1575,0.0222,0.0076,0.2143,0.0076,0.0,0.0051,0.0
13:19:13,13:44:50,0.0537,0.0032,0.3495,0.1825,0.1679,0.0238,0.0066,0.2004,0.0069,0.0,0.0055,0.0
13:20:07,13:48:02,0.055,0.0032,0.3552,0.1815,0.1701,0.0245,0.0068,0.1912,0.0069,0.0,0.0056,0.0
13:23:15,13:50:03,0.0513,0.0032,0.3743,0.1878,0.158,0.0226,0.0065,0.1846,0.0063,0.0,0.0054,0.0
13:26:06,13:51:49,0.0515,0.0036,0.3416,0.1809,0.1587,0.0225,0.0071,0.221,0.0075,0.0001,0.0055,0.0
13:29:30,13:53:16,0.0504,0.0032,0.3724,0.2006,0.156,0.0221,0.0063,0.1774,0.0064,0.0,0.0052,0.0
13:31:41,13:56:34,0.0552,0.0032,0.3532,0.1803,0.1697,0.0244,0.0067,0.1952,0.0067,0.0,0.0054,0.0
13:32:59,13:59:52,0.0558,0.0038,0.3534,0.1814,0.1714,0.0244,0.0066,0.1909,0.0068,0.0,0.0055,0.0
13:37:01,14:03:22,0.0552,0.0032,0.3539,0.1808,0.1706,0.0246,0.0067,0.1925,0.0069,0.0,0.0056,0.0
13:40:28,14:05:58,0.0528,0.0032,0.3799,0.1768,0.1634,0.0234,0.0065,0.1824,0.0064,0.0,0.0052,0.0
13:41:53,14:08:31,0.053,0.0032,0.3505,0.1877,0.1664,0.0235,0.0071,0.1958,0.0074,0.0,0.0054,0.0
13:44:47,14:09:23,0.0503,0.0038,0.3387,0.1981,0.1579,0.0215,0.0074,0.2095,0.0072,0.0001,0.0055,0.0
13:48:02,14:09:59,0.0489,0.0032,0.3471,0.2014,0.1552,0.021,0.0067,0.2012,0.0065,0.0012,0.0076,0.0
13:50:04,14:10:09,0.0495,0.0034,0.3418,0.1964,0.1483,0.0208,0.0066,0.212,0.0069,0.0028,0.0114,0.0001
13:51:49,14:10:14,0.0538,0.0098,0.3401,0.1961,0.1503,0.0208,0.0059,0.2073,0.006,0.0018,0.0071,0.001
13:53:12,14:10:14,0.0489,0.0097,0.3341,0.1972,0.1484,0.0205,0.006,0.2243,0.006,0.0,0.0049,0.0
13:56:36,14:10:22,0.0472,0.0034,0.3378,0.215,0.1556,0.0205,0.0059,0.2038,0.006,0.0,0.0048,0.0
13:59:53,14:10:40,0.0548,0.0057,0.336,0.2138,0.1541,0.0215,0.0061,0.197,0.0062,0.0,0.0048,0.0
14:03:29,14:11:18,0.0587,0.0052,0.3486,0.1901,0.1706,0.023,0.0062,0.1857,0.0065,0.0,0.0054,0.0
14:05:58,14:13:18,0.0539,0.0044,0.3506,0.1855,0.1739,0.0237,0.0064,0.1895,0.0066,0.0,0.0055,0.0
14:08:33,14:15:32,0.0536,0.005,0.3495,0.18,0.1754,0.0237,0.0064,0.1936,0.0064,0.0006,0.0058,0.0
14:09:26,14:17:31,0.0514,0.0032,0.3484,0.1833,0.1707,0.0227,0.0064,0.1998,0.0066,0.0,0.0073,0.0002
14:09:59,14:18:19,0.0491,0.0032,0.3422,0.1897,0.1582,0.0216,0.0063,0.1967,0.0063,0.0059,0.0199,0.0009
14:10:09,14:19:00,0.0509,0.0038,0.3657,0.1807,0.1651,0.0224,0.0065,0.1912,0.0067,0.0003,0.0066,0.0001
14:10:14,14:22:03,0.0522,0.0038,0.3474,0.1947,0.1649,0.0229,0.0072,0.1936,0.0074,0.0001,0.0057,0.0001
14:10:15,14:24:17,0.0556,0.0106,0.3518,0.1862,0.1609,0.0231,0.0065,0.1908,0.0065,0.0011,0.0065,0.0004
14:10:18,14:27:20,0.055,0.0048,0.3524,0.1819,0.171,0.024,0.0066,0.1919,0.0068,0.0,0.0056,0.0
14:10:40,14:29:40,0.0537,0.0034,0.3601,0.186,0.1658,0.0232,0.0066,0.1891,0.0065,0.0,0.0056,0.0
14:11:19,14:31:34,0.0514,0.0032,0.3536,0.1796,0.1598,0.0227,0.0065,0.2112,0.0066,0.0,0.0054,0.0
14:13:19,14:33:37,0.0547,0.0056,0.3479,0.1837,0.1628,0.023,0.007,0.2024,0.0073,0.0,0.0056,0.0
14:15:32,14:37:00,0.0546,0.0032,0.3531,0.1814,0.1691,0.0243,0.0067,0.195,0.0069,0.0,0.0057,0.0
14:17:31,14:38:57,0.0521,0.0032,0.3549,0.194,0.1604,0.0229,0.0066,0.1921,0.0066,0.0001,0.007,0.0001
14:18:19,14:40:22,0.0527,0.0044,0.3499,0.1948,0.1624,0.0223,0.0066,0.1927,0.0065,0.0004,0.0068,0.0005
14:19:00,14:41:28,0.0521,0.005,0.3488,0.1922,0.1584,0.0223,0.0068,0.1986,0.0069,0.0006,0.0074,0.0009
14:22:08,14:42:41,0.0524,0.0058,0.3502,0.1914,0.163,0.022,0.0067,0.1916,0.0068,0.0009,0.008,0.0012
14:24:17,14:43:45,0.0497,0.0038,0.3419,0.2057,0.1561,0.0218,0.0091,0.1963,0.0091,0.0,0.0062,0.0003
14:27:20,14:44:05,0.0486,0.0032,0.3325,0.1877,0.1478,0.0211,0.0098,0.2335,0.0101,0.0,0.0057,0.0
14:29:40,14:44:14,0.0471,0.0032,0.3289,0.1871,0.147,0.0205,0.0089,0.244,0.0085,0.0,0.0048,0.0
14:31:34,14:44:21,0.047,0.0032,0.329,0.1845,0.1453,0.0205,0.0077,0.2497,0.0083,0.0,0.0048,0.0
14:33:39,14:44:28,0.0472,0.0032,0.3293,0.183,0.1451,0.0206,0.0088,0.249,0.009,0.0,0.0048,0.0
14:37:02,14:43:34,0.047,0.0032,0.33,0.1878,0.147,0.0205,0.008,0.2438,0.0079,0.0,0.0048,0.0
14:38:57,14:44:41,0.0471,0.0032,0.3302,0.1904,0.1461,0.0206,0.0083,0.2409,0.0084,0.0,0.0048,0.0
14:40:22,14:44:48,0.0471,0.0032,0.3298,0.1827,0.1471,0.0205,0.0083,0.2481,0.0084,0.0,0.0048,0.0
14:41:28,14:44:57,0.0471,0.0032,0.3302,0.1861,0.1456,0.0206,0.009,0.2448,0.0086,0.0,0.0048,0.0
14:42:41,14:45:05,0.0472,0.0032,0.3298,0.1841,0.1468,0.0205,0.008,0.2468,0.0086,0.0,0.005,0.0
14:43:45,14:45:24,0.0477,0.0032,0.3313,0.1908,0.1482,0.0209,0.0063,0.2394,0.0065,0.0001,0.0055,0.0001
14:44:05,14:46:38,0.0527,0.0119,0.3462,0.1836,0.1609,0.0225,0.0064,0.201,0.0065,0.0004,0.0071,0.0008
14:44:14,14:48:22,0.051,0.0135,0.3431,0.1866,0.16,0.0225,0.0064,0.2046,0.0069,0.0,0.0054,0.0
14:44:21,14:50:10,0.0516,0.0032,0.3405,0.1941,0.1589,0.0224,0.0065,0.2106,0.0066,0.0,0.0056,0.0
14:44:28,14:50:24,0.0477,0.0036,0.3893,0.1904,0.1472,0.0208,0.0069,0.1819,0.0069,0.0001,0.0052,0.0
14:43:35,14:51:54,0.051,0.0032,0.3502,0.2202,0.1567,0.0223,0.0061,0.179,0.0063,0.0,0.005,0.0
14:44:41,14:52:20,0.0479,0.0032,0.3315,0.2545,0.148,0.0209,0.0064,0.1762,0.0064,0.0,0.005,0.0
14:44:48,14:52:41,0.0601,0.0075,0.3406,0.2166,0.1519,0.0224,0.0062,0.1836,0.0061,0.0,0.005,0.0
14:44:57,14:53:00,0.0579,0.0207,0.341,0.1956,0.1559,0.0217,0.0064,0.1889,0.0066,0.0,0.0053,0.0
14:45:05,14:53:33,0.0586,0.0192,0.344,0.1906,0.1593,0.0228,0.0065,0.1872,0.0066,0.0,0.0052,0.0
14:45:24,14:53:55,0.0605,0.0201,0.3418,0.1872,0.1585,0.0226,0.0066,0.1908,0.0068,0.0,0.0051,0.0
14:46:38,14:54:21,0.0494,0.0034,0.3542,0.1917,0.1505,0.021,0.0075,0.2081,0.0072,0.0001,0.0068,0.0001
14:48:00,14:55:29,0.054,0.0055,0.3437,0.1934,0.1571,0.0217,0.0066,0.2054,0.0066,0.0,0.0058,0.0002
14:50:09,14:55:53,0.048,0.0032,0.3335,0.2061,0.1501,0.0209,0.0097,0.2143,0.0091,0.0,0.0051,0.0
14:50:24,14:56:09,0.0479,0.0032,0.33,0.1868,0.148,0.0209,0.0097,0.2389,0.0092,0.0,0.0054,0.0
14:51:54,14:56:21,0.047,0.0032,0.3287,0.1878,0.146,0.0205,0.0107,0.2425,0.0086,0.0,0.005,0.0
14:52:20,14:56:27,0.0471,0.0032,0.3289,0.1876,0.1454,0.0206,0.0094,0.2449,0.0081,0.0,0.0048,0.0
14:52:41,14:56:34,0.0471,0.0032,0.3289,0.1828,0.1463,0.0205,0.0083,0.2494,0.0087,0.0,0.0048,0.0
14:53:01,14:56:41,0.0472,0.0032,0.33,0.1851,0.1462,0.0206,0.0076,0.2464,0.0089,0.0,0.0048,0.0
14:53:33,14:56:49,0.0473,0.0035,0.3291,0.185,0.1454,0.0205,0.0078,0.2481,0.0084,0.0,0.0049,0.0
14:53:53,14:56:55,0.0473,0.0035,0.3297,0.1857,0.1469,0.0205,0.0069,0.2463,0.0084,0.0,0.0048,0.0
14:54:21,14:57:03,0.0472,0.0032,0.3291,0.1846,0.1455,0.0206,0.0081,0.2481,0.0086,0.0,0.005,0.0
14:55:29,14:57:08,0.047,0.0032,0.3301,0.1896,0.1467,0.0205,0.008,0.2417,0.0084,0.0,0.0048,0.0
14:55:53,14:57:21,0.0473,0.0032,0.3303,0.181,0.1457,0.0206,0.0065,0.2528,0.0076,0.0,0.005,0.0
14:56:12,14:58:43,0.0519,0.0046,0.3481,0.1964,0.1623,0.0224,0.0066,0.1919,0.0068,0.0005,0.0076,0.0009
14:56:21,14:59:57,0.0553,0.0052,0.3471,0.1924,0.162,0.0219,0.0066,0.1932,0.0065,0.0009,0.0077,0.0012
14:56:27,15:01:28,0.0514,0.0034,0.3447,0.191,0.1609,0.0224,0.007,0.2039,0.0073,0.0002,0.0074,0.0004
14:56:34,15:03:39,0.0534,0.0043,0.3486,0.1889,0.1659,0.0234,0.0064,0.1925,0.0066,0.0004,0.0091,0.0005
14:56:42,15:05:42,0.0537,0.0045,0.3493,0.1841,0.1682,0.023,0.0068,0.1955,0.0067,0.0004,0.0072,0.0006
14:56:49,15:09:00,0.0547,0.0032,0.3564,0.1805,0.1697,0.0243,0.0067,0.1918,0.007,0.0,0.0057,0.0
14:56:55,15:09:02,0.0469,0.0032,0.381,0.216,0.1453,0.0204,0.0059,0.1705,0.006,0.0,0.0048,0.0
14:57:03,15:09:13,0.0475,0.0032,0.3774,0.2185,0.1457,0.0207,0.0059,0.1703,0.006,0.0,0.0048,0.0
14:57:08,15:12:22,0.0551,0.0038,0.3536,0.1815,0.1677,0.0241,0.0067,0.195,0.0068,0.0,0.0057,0.0
14:57:21,15:14:38,0.0525,0.0034,0.3588,0.1943,0.1628,0.0232,0.0064,0.1866,0.0065,0.0,0.0055,0.0
14:58:45,15:16:24,0.0509,0.0032,0.3875,0.1783,0.1578,0.0224,0.0063,0.182,0.0064,0.0,0.0052,0.0
14:59:56,15:18:35,0.0521,0.0034,0.3775,0.1783,0.1612,0.0234,0.0063,0.1861,0.0065,0.0,0.0052,0.0
15:01:28,15:20:15,0.0525,0.0036,0.3448,0.1968,0.1624,0.0224,0.0077,0.1962,0.0074,0.0001,0.0061,0.0
15:03:39,15:23:45,0.0551,0.0032,0.3548,0.1809,0.1701,0.0245,0.0065,0.1926,0.0069,0.0,0.0054,0.0
15:05:39,15:26:50,0.0552,0.0038,0.3574,0.1809,0.1676,0.0241,0.0068,0.1918,0.0069,0.0,0.0055,0.0
15:09:00,15:29:51,0.0543,0.0034,0.3591,0.1794,0.169,0.024,0.0065,0.1923,0.0066,0.0,0.0054,0.0
15:09:02,15:31:45,0.0516,0.0032,0.3527,0.1786,0.1596,0.0227,0.0065,0.2131,0.0064,0.0,0.0056,0.0
15:09:18,15:33:59,0.0537,0.005,0.3506,0.1847,0.1641,0.023,0.0071,0.1985,0.0075,0.0,0.0058,0.0
15:12:22,15:37:22,0.0561,0.0038,0.3519,0.1809,0.1701,0.0245,0.0067,0.1935,0.0068,0.0,0.0057,0.0
15:14:38,15:39:04,0.0514,0.0032,0.3705,0.1912,0.1583,0.0225,0.0065,0.1844,0.0066,0.0,0.0054,0.0
15:16:24,15:42:21,0.0558,0.0038,0.3542,0.1808,0.1706,0.0243,0.0068,0.1912,0.0068,0.0,0.0057,0.0
15:18:35,15:44:39,0.0523,0.0032,0.3778,0.1784,0.1612,0.0232,0.0063,0.186,0.0064,0.0,0.0052,0.0
15:20:15,15:46:12,0.058,0.0154,0.357,0.1831,0.1592,0.0222,0.0064,0.1824,0.0064,0.0017,0.0072,0.001
15:23:45,15:49:00,0.0549,0.0038,0.3537,0.1801,0.1735,0.0238,0.0067,0.1908,0.0069,0.0,0.0058,0.0
15:26:50,15:50:25,0.0506,0.0036,0.3397,0.1907,0.1565,0.0221,0.0073,0.2165,0.0072,0.0001,0.0057,0.0
15:29:51,15:52:37,0.0522,0.0032,0.3798,0.1779,0.1614,0.0231,0.0063,0.1843,0.0066,0.0,0.0052,0.0
15:31:45,15:56:03,0.0552,0.0032,0.3555,0.1803,0.1702,0.0244,0.0069,0.1918,0.0069,0.0,0.0056,0.0
15:33:59,15:59:01,0.0548,0.0038,0.3522,0.1835,0.1675,0.024,0.0069,0.1949,0.0068,0.0,0.0056,0.0
15:37:22,15:59:11,0.0553,0.0052,0.3562,0.1863,0.1494,0.0208,0.0061,0.2076,0.0077,0.0002,0.0052,0.0
15:39:03,15:59:17,0.0504,0.0214,0.3584,0.1822,0.1491,0.0208,0.0066,0.1994,0.0069,0.0,0.0048,0.0
15:42:21,15:59:20,0.0496,0.0088,0.3596,0.1863,0.1475,0.0204,0.0071,0.2073,0.0061,0.002,0.0053,0.0
15:44:42,15:59:26,0.0494,0.0076,0.3471,0.1971,0.1466,0.0207,0.0064,0.2142,0.0061,0.0,0.0048,0.0
15:46:12,15:59:31,0.0471,0.0035,0.3634,0.1952,0.1469,0.0206,0.0065,0.2059,0.0061,0.0,0.0048,0.0
15:49:00,15:59:37,0.0474,0.0033,0.3358,0.1945,0.146,0.0204,0.006,0.2174,0.006,0.0058,0.0147,0.0027
15:50:27,15:59:44,0.0503,0.0035,0.3523,0.2073,0.1546,0.0207,0.0067,0.1911,0.0069,0.0011,0.0055,0.0
15:52:37,15:59:51,0.048,0.0032,0.3784,0.2007,0.1489,0.0205,0.0071,0.1818,0.0065,0.0,0.0049,0.0
15:56:03,15:59:56,0.0492,0.0034,0.3554,0.2031,0.1472,0.0205,0.0089,0.1975,0.0092,0.0003,0.0053,0.0
15:59:00,15:59:58,0.0514,0.006,0.3331,0.2254,0.1493,0.0205,0.0067,0.1765,0.0072,0.0054,0.0178,0.0007
15:59:11,15:59:16,0.0483,0.0034,0.3342,0.2299,0.1598,0.0208,0.0061,0.1854,0.0062,0.0003,0.0055,0.0001
15:59:17,16:00:50,0.0489,0.0032,0.3429,0.1888,0.1564,0.0211,0.0065,0.2186,0.0066,0.0001,0.0068,0.0001
15:59:20,16:01:28,0.0532,0.0067,0.3501,0.1886,0.1593,0.0239,0.0061,0.1987,0.0063,0.0,0.0058,0.0013
15:59:26,16:02:12,0.0512,0.005,0.3482,0.1875,0.1579,0.0232,0.0067,0.2036,0.0069,0.0001,0.0087,0.001
15:59:31,16:03:17,0.0509,0.0044,0.3421,0.1872,0.1655,0.0218,0.0061,0.2027,0.0065,0.0004,0.012,0.0004
15:59:35,16:03:00,0.0503,0.0052,0.3412,0.2022,0.159,0.0217,0.007,0.1988,0.0071,0.0004,0.0065,0.0006
15:59:44,16:05:42,0.051,0.0032,0.3486,0.1852,0.1687,0.0223,0.0066,0.2017,0.007,0.0,0.0057,0.0
15:59:50,16:08:10,0.0526,0.0032,0.3503,0.1785,0.1781,0.0236,0.0065,0.1951,0.0067,0.0,0.0054,0.0
15:59:56,16:09:56,0.0516,0.0032,0.3604,0.1791,0.1757,0.0226,0.0063,0.1899,0.0062,0.0,0.005,0.0
15:59:59,16:10:14,0.0492,0.0032,0.3483,0.2077,0.1535,0.0208,0.0069,0.1976,0.0067,0.0,0.0061,0.0
16:00:24,16:11:08,0.051,0.0044,0.3454,0.1952,0.1616,0.0216,0.0062,0.1987,0.0062,0.0005,0.0085,0.0007
16:00:50,16:11:30,0.0484,0.0042,0.3872,0.1919,0.152,0.0213,0.006,0.1765,0.0064,0.0,0.0058,0.0003
16:01:28,16:11:51,0.0497,0.0045,0.3389,0.2256,0.1504,0.021,0.0063,0.1834,0.0062,0.0005,0.013,0.0005
16:02:12,16:13:18,0.052,0.0051,0.3479,0.1825,0.1713,0.0231,0.0068,0.1946,0.007,0.0005,0.0085,0.0007
16:03:17,16:14:07,0.0526,0.0066,0.3426,0.1895,0.161,0.0329,0.0064,0.1932,0.0066,0.0006,0.0073,0.0007
16:03:00,16:16:25,0.0528,0.0032,0.3541,0.1853,0.1624,0.0229,0.0067,0.1999,0.0066,0.0,0.0061,0.0
16:05:42,16:19:08,0.0551,0.0042,0.3514,0.1829,0.1687,0.0241,0.0066,0.1928,0.007,0.0,0.0069,0.0003
16:08:10,16:20:49,0.051,0.0036,0.35,0.2014,0.1604,0.0224,0.0071,0.1913,0.0072,0.0001,0.0055,0.0
16:09:56,16:23:52,0.0547,0.0034,0.3542,0.1834,0.1734,0.0241,0.0066,0.1877,0.0068,0.0,0.0056,0.0001
16:10:14,16:26:42,0.0543,0.0032,0.3561,0.182,0.1688,0.0238,0.0067,0.193,0.0066,0.0,0.0055,0.0
16:11:10,16:27:10,0.0488,0.0039,0.3324,0.246,0.1495,0.0209,0.0066,0.1801,0.0067,0.0,0.0051,0.0
16:11:32,16:27:30,0.054,0.0057,0.3354,0.2237,0.1512,0.0217,0.0061,0.1913,0.0061,0.0,0.0048,0.0
16:11:47,16:28:28,0.0614,0.0058,0.3549,0.1897,0.1678,0.024,0.0061,0.1789,0.0062,0.0,0.0052,0.0
16:13:18,16:28:38,0.0507,0.0208,0.3347,0.1897,0.1488,0.0214,0.0068,0.2121,0.0069,0.0005,0.0069,0.0007
16:14:17,16:30:29,0.0518,0.0045,0.3444,0.1972,0.1615,0.0229,0.0071,0.1949,0.0072,0.0001,0.0078,0.0006
16:16:25,16:31:33,0.0533,0.0069,0.3638,0.1822,0.1603,0.0253,0.0066,0.1868,0.0067,0.0,0.0062,0.0019
16:19:08,16:31:49,0.0578,0.0146,0.3375,0.193,0.1542,0.0208,0.0071,0.2019,0.007,0.0001,0.006,0.0
16:20:49,16:32:14,0.0491,0.0038,0.3339,0.1984,0.1511,0.0209,0.0067,0.224,0.0065,0.0001,0.0055,0.0
16:23:58,16:33:13,0.0512,0.0056,0.3425,0.1827,0.1635,0.0215,0.0078,0.2115,0.0082,0.0,0.0055,0.0
16:26:42,16:34:25,0.0503,0.0032,0.3397,0.1827,0.1634,0.0219,0.0064,0.2205,0.0069,0.0,0.005,0.0
16:27:10,16:37:00,0.0528,0.0032,0.3516,0.1778,0.1791,0.0237,0.0065,0.1932,0.0067,0.0,0.0054,0.0
16:27:30,16:39:07,0.0526,0.0032,0.3524,0.1828,0.1764,0.023,0.0066,0.191,0.0067,0.0,0.0053,0.0
16:28:28,16:38:59,0.0483,0.0032,0.336,0.206,0.1529,0.0211,0.0098,0.208,0.0096,0.0,0.0051,0.0
16:28:38,16:40:02,0.0482,0.0032,0.3314,0.1825,0.1492,0.0208,0.0092,0.2402,0.0092,0.0,0.0061,0.0
16:30:23,16:40:09,0.0474,0.0032,0.3306,0.1883,0.1488,0.0206,0.0083,0.2386,0.0086,0.0002,0.0052,0.0002
16:31:33,16:40:16,0.047,0.0032,0.3297,0.1839,0.146,0.0205,0.0083,0.248,0.0084,0.0,0.005,0.0
16:31:48,16:40:23,0.0472,0.0032,0.3293,0.188,0.1472,0.0206,0.0091,0.2412,0.0094,0.0,0.0048,0.0
16:32:14,16:40:29,0.047,0.0032,0.3296,0.186,0.1462,0.0205,0.0083,0.2463,0.0081,0.0,0.0048,0.0
16:33:13,16:40:33,0.047,0.0032,0.3292,0.1837,0.1462,0.0205,0.0086,0.2482,0.0086,0.0,0.0048,0.0
16:34:25,16:40:41,0.047,0.0032,0.3289,0.1838,0.1463,0.0205,0.0081,0.2491,0.0083,0.0,0.0048,0.0
16:37:00,16:40:47,0.0491,0.0046,0.33,0.1864,0.1465,0.0206,0.0076,0.2421,0.0082,0.0,0.0049,0.0
16:39:12,16:40:54,0.047,0.0032,0.3292,0.186,0.1469,0.0205,0.0085,0.2457,0.0082,0.0,0.0048,0.0
16:39:48,16:41:12,0.0478,0.0032,0.3322,0.1909,0.1487,0.0208,0.0074,0.2355,0.0075,0.0001,0.0058,0.0001
16:40:02,16:41:17,0.0496,0.0046,0.3436,0.2097,0.1502,0.0214,0.006,0.2023,0.006,0.0005,0.0055,0.0006
16:40:09,16:42:13,0.0538,0.0082,0.3518,0.1802,0.1633,0.0253,0.0062,0.1966,0.0064,0.0,0.0061,0.0021
16:40:16,16:43:36,0.0524,0.0054,0.3478,0.1936,0.1633,0.0221,0.0067,0.1919,0.0068,0.0009,0.0079,0.0012
16:40:23,16:43:48,0.0521,0.0046,0.3447,0.1921,0.1619,0.0223,0.0067,0.1943,0.0067,0.0005,0.0134,0.0007
16:40:29,16:47:10,0.0531,0.0032,0.3605,0.1897,0.1635,0.0234,0.0065,0.1877,0.0069,0.0,0.0055,0.0
16:40:33,16:48:12,0.0503,0.0048,0.3377,0.2105,0.154,0.0218,0.0068,0.1999,0.0068,0.0004,0.0064,0.0006
16:40:41,16:48:33,0.0535,0.0056,0.3338,0.2357,0.1497,0.0212,0.0061,0.1835,0.0061,0.0,0.0048,0.0
16:40:47,16:48:54,0.0612,0.0207,0.3442,0.1901,0.1569,0.0228,0.0063,0.1863,0.0064,0.0,0.0051,0.0
16:40:54,16:49:27,0.0628,0.0077,0.3507,0.1891,0.165,0.0233,0.0062,0.1836,0.0062,0.0,0.0054,0.0
16:41:11,16:49:58,0.049,0.0186,0.3344,0.1781,0.1497,0.0212,0.0072,0.2297,0.007,0.0,0.0051,0.0
16:41:19,16:50:14,0.0487,0.0038,0.3329,0.2061,0.1487,0.0306,0.0075,0.2075,0.0081,0.0001,0.006,0.0
16:42:16,16:51:26,0.0527,0.0054,0.3486,0.1923,0.1611,0.0222,0.0066,0.1946,0.0067,0.0009,0.0077,0.0012
16:43:38,16:52:06,0.0502,0.0042,0.3753,0.1874,0.1554,0.0213,0.0063,0.1839,0.0063,0.0005,0.0086,0.0006
16:43:48,16:52:08,0.0472,0.0032,0.3674,0.2281,0.1453,0.0205,0.0059,0.1714,0.006,0.0,0.005,0.0
16:47:14,16:54:24,0.0525,0.0032,0.3576,0.1934,0.161,0.0232,0.0066,0.1901,0.0068,0.0,0.0056,0.0
16:48:08,16:54:59,0.0498,0.0048,0.36,0.1949,0.1528,0.0216,0.0068,0.1944,0.0065,0.0005,0.0071,0.0008
16:48:33,16:56:12,0.0531,0.0066,0.3625,0.1853,0.1597,0.025,0.0066,0.1862,0.007,0.0,0.0062,0.0018
16:48:55,16:56:53,0.0505,0.0035,0.3515,0.2144,0.157,0.0212,0.0065,0.1835,0.0061,0.0,0.0058,0.0
16:49:30,16:57:31,0.0491,0.0039,0.3362,0.2,0.1527,0.0212,0.0071,0.2173,0.0071,0.0001,0.0053,0.0
16:49:58,16:59:33,0.0526,0.0034,0.3447,0.1849,0.1768,0.0228,0.0063,0.1947,0.0068,0.0,0.007,0.0
16:50:14,17:01:38,0.0526,0.0032,0.3463,0.1801,0.1756,0.0232,0.0067,0.1995,0.0066,0.0,0.0062,0.0
16:51:26,17:02:59,0.0504,0.0032,0.3414,0.1981,0.1621,0.022,0.009,0.1993,0.009,0.0,0.0055,0.0
16:52:06,17:03:26,0.0485,0.0032,0.3338,0.1877,0.1515,0.021,0.0114,0.2282,0.0095,0.0,0.0052,0.0
16:52:08,17:03:33,0.047,0.0032,0.3288,0.1881,0.1466,0.0205,0.0077,0.2446,0.0085,0.0,0.005,0.0
16:54:24,17:03:39,0.047,0.0032,0.3294,0.1826,0.1462,0.0205,0.0086,0.2494,0.0083,0.0,0.0048,0.0
16:55:00,17:03:45,0.0471,0.0032,0.3295,0.189,0.1475,0.0205,0.0074,0.2425,0.0085,0.0,0.0048,0.0
16:56:12,17:03:52,0.0471,0.0032,0.3298,0.1847,0.1457,0.0206,0.0083,0.2475,0.0083,0.0,0.0048,0.0
16:56:53,17:03:58,0.047,0.0032,0.3295,0.1848,0.146,0.0205,0.0074,0.2486,0.0082,0.0,0.0048,0.0
16:57:30,17:04:04,0.0472,0.0032,0.3293,0.1826,0.1472,0.0205,0.008,0.2486,0.0084,0.0,0.005,0.0
16:59:36,17:04:08,0.0472,0.0032,0.3294,0.1813,0.1456,0.0206,0.0088,0.2502,0.0089,0.0,0.0048,0.0
17:01:42,17:04:17,0.047,0.0032,0.3303,0.1888,0.1467,0.0205,0.0083,0.242,0.0084,0.0,0.0048,0.0
17:02:58,17:04:19,0.047,0.0032,0.3294,0.1869,0.1469,0.0205,0.0083,0.2446,0.0084,0.0,0.0048,0.0
17:03:26,17:04:10,0.048,0.0032,0.335,0.1894,0.1534,0.021,0.007,0.2308,0.0072,0.0,0.005,0.0
17:03:33,17:06:43,0.0514,0.0032,0.3437,0.1781,0.1691,0.0227,0.0063,0.2138,0.0065,0.0,0.0052,0.0
17:03:39,17:09:38,0.0546,0.0038,0.3525,0.1805,0.1758,0.0242,0.0065,0.1895,0.0068,0.0,0.0057,0.0001
17:03:45,17:10:28,0.0509,0.0042,0.347,0.2012,0.1593,0.0215,0.0069,0.1951,0.0064,0.0005,0.0064,0.0006
17:03:52,17:12:06,0.0556,0.005,0.3499,0.1903,0.1653,0.0223,0.0068,0.1886,0.0074,0.0004,0.0077,0.0007
17:03:58,17:14:28,0.0542,0.0032,0.3508,0.1822,0.1682,0.0236,0.0066,0.1987,0.0065,0.0,0.006,0.0
17:04:04,17:18:13,0.0552,0.0032,0.3539,0.1809,0.1714,0.0246,0.0067,0.1913,0.0071,0.0,0.0057,0.0
17:04:08,17:20:00,0.0527,0.0036,0.3472,0.194,0.1638,0.0233,0.0073,0.195,0.0073,0.0001,0.0057,0.0
17:04:17,17:23:00,0.0538,0.0052,0.3544,0.1794,0.1697,0.024,0.0065,0.1944,0.0067,0.0,0.0059,0.0
17:04:22,17:26:50,0.0556,0.0032,0.3526,0.1822,0.1703,0.0244,0.0068,0.1929,0.0066,0.0,0.0054,0.0
17:04:10,17:30:18,0.0556,0.0038,0.3547,0.1811,0.171,0.0246,0.0067,0.1898,0.007,0.0,0.0057,0.0
17:06:43,17:31:41,0.0505,0.0032,0.3597,0.1769,0.155,0.022,0.0065,0.214,0.0064,0.0,0.0058,0.0
17:09:38,17:31:46,0.0471,0.0032,0.394,0.2023,0.1446,0.0206,0.0059,0.1715,0.006,0.0,0.0048,0.0
17:10:31,17:33:20,0.0524,0.0053,0.3458,0.2011,0.1585,0.0222,0.0071,0.1945,0.0074,0.0,0.0057,0.0
17:12:03,17:35:38,0.0567,0.0119,0.3546,0.1815,0.1656,0.0232,0.0064,0.1854,0.0066,0.0011,0.0066,0.0004
17:14:28,17:38:35,0.0541,0.0032,0.3509,0.1859,0.1664,0.024,0.0071,0.1951,0.007,0.0001,0.0062,0.0
17:18:14,17:39:18,0.0562,0.0061,0.3481,0.2025,0.1594,0.0243,0.0061,0.1836,0.0062,0.0,0.0059,0.0016
17:20:00,17:39:58,0.0508,0.0047,0.341,0.1939,0.1516,0.0222,0.0069,0.2136,0.0068,0.0005,0.0067,0.0013
17:23:00,17:40:30,0.0573,0.0166,0.3543,0.1872,0.1599,0.0211,0.0063,0.1803,0.0064,0.0017,0.0079,0.001
17:26:50,17:42:13,0.052,0.005,0.3481,0.1883,0.1666,0.0224,0.0072,0.1951,0.0076,0.0004,0.0067,0.0006
17:30:11,17:42:37,0.0479,0.0032,0.3323,0.2537,0.1486,0.0209,0.0065,0.1756,0.0065,0.0,0.0048,0.0
17:31:41,17:42:55,0.0575,0.007,0.3416,0.22,0.1536,0.0222,0.0061,0.1809,0.0061,0.0,0.005,0.0
17:31:42,17:43:45,0.0567,0.0044,0.345,0.1865,0.1624,0.0228,0.0061,0.205,0.006,0.0,0.0051,0.0
17:33:20,17:45:03,0.0521,0.0035,0.3489,0.1978,0.1604,0.0227,0.0072,0.1929,0.0071,0.0005,0.0063,0.0006
17:35:39,17:46:44,0.0616,0.0046,0.3537,0.1828,0.1621,0.0226,0.0061,0.1861,0.0065,0.0004,0.0129,0.0006
17:38:35,17:47:32,0.0515,0.0059,0.3561,0.1914,0.1603,0.0233,0.0067,0.1907,0.0068,0.0001,0.0062,0.001
17:39:18,17:48:45,0.0521,0.0052,0.3504,0.1859,0.1587,0.0241,0.0066,0.2034,0.0067,0.0,0.0058,0.0011
17:39:58,17:49:09,0.049,0.0198,0.3317,0.2012,0.1489,0.0212,0.0062,0.21,0.0065,0.0,0.0055,0.0
17:40:29,17:49:22,0.0478,0.0032,0.3396,0.2392,0.1453,0.0206,0.0062,0.1873,0.006,0.0,0.0048,0.0
17:42:13,17:49:35,0.0604,0.0137,0.3392,0.2093,0.1527,0.0225,0.006,0.1849,0.0064,0.0,0.0049,0.0
17:42:33,17:50:03,0.0508,0.0108,0.3437,0.1931,0.1543,0.021,0.0072,0.206,0.0069,0.0001,0.006,0.0001
17:42:55,17:51:03,0.0508,0.0043,0.3464,0.1988,0.1584,0.0216,0.007,0.1971,0.0075,0.0007,0.0066,0.0008
17:43:47,17:51:43,0.051,0.0056,0.3447,0.1943,0.1538,0.0216,0.0073,0.2054,0.0073,0.0007,0.0073,0.001
17:45:05,17:54:48,0.0548,0.0036,0.3496,0.1829,0.1704,0.0243,0.0065,0.1953,0.0068,0.0,0.0058,0.0
17:46:44,17:56:55,0.0557,0.0056,0.3476,0.1939,0.1618,0.0235,0.007,0.1916,0.0069,0.0,0.0061,0.0003
17:47:33,17:57:21,0.0623,0.0216,0.3454,0.1819,0.1587,0.0227,0.0064,0.1889,0.0066,0.0,0.0055,0.0
17:48:45,17:57:44,0.0638,0.0082,0.3473,0.1947,0.1614,0.0228,0.006,0.1848,0.006,0.0,0.005,0.0
17:49:09,17:58:58,0.0544,0.005,0.3455,0.1928,0.1622,0.0235,0.0066,0.1951,0.0065,0.0005,0.0072,0.0007
17:49:19,18:02:00,0.0555,0.0046,0.3547,0.1816,0.1696,0.0241,0.0068,0.1901,0.0071,0.0,0.0059,0.0
17:49:35,18:05:15,0.0551,0.0036,0.3541,0.1814,0.1694,0.0245,0.0066,0.1929,0.0066,0.0,0.0058,0.0
17:50:03,18:07:58,0.0539,0.0042,0.3535,0.1867,0.1668,0.0241,0.0065,0.1914,0.0066,0.0,0.006,0.0003
17:51:04,18:08:12,0.0493,0.0033,0.3334,0.1963,0.1476,0.0206,0.0062,0.2308,0.0063,0.0006,0.0056,0.0
17:51:10,18:08:11,0.0488,0.0037,0.344,0.1796,0.162,0.0214,0.0059,0.2238,0.006,0.0,0.0048,0.0
17:54:58,18:09:59,0.0504,0.0032,0.3435,0.1813,0.1558,0.0219,0.0063,0.2262,0.0064,0.0,0.005,0.0
17:56:55,18:12:58,0.0552,0.0038,0.3539,0.1812,0.1698,0.024,0.0068,0.1927,0.0068,0.0,0.0058,0.0
17:57:21,18:14:30,0.0508,0.0032,0.3471,0.2042,0.1598,0.0223,0.0075,0.1922,0.0077,0.0,0.0052,0.0
17:57:44,18:16:14,0.0514,0.0032,0.345,0.1946,0.1611,0.0226,0.0073,0.2006,0.0073,0.0001,0.0065,0.0003
17:58:59,18:17:38,0.0534,0.0048,0.3587,0.1833,0.1635,0.0225,0.0065,0.1936,0.0065,0.0004,0.0064,0.0004
18:02:00,18:20:12,0.0536,0.0032,0.3496,0.1956,0.1645,0.0237,0.0071,0.1899,0.0073,0.0,0.0055,0.0
18:05:15,18:22:05,0.0516,0.0036,0.3591,0.1932,0.1593,0.0227,0.0067,0.1908,0.0069,0.0001,0.006,0.0
18:07:58,18:24:18,0.0531,0.0042,0.3547,0.1839,0.1645,0.0237,0.007,0.1951,0.0072,0.0,0.0063,0.0003
18:08:12,18:26:22,0.0518,0.0032,0.347,0.1856,0.1624,0.0229,0.0072,0.2072,0.0074,0.0,0.0053,0.0
18:08:11,18:28:23,0.0526,0.004,0.3663,0.1894,0.1616,0.0229,0.0064,0.185,0.0064,0.0,0.0054,0.0
18:09:59,18:31:07,0.0529,0.0032,0.3607,0.1899,0.1637,0.0235,0.0065,0.1874,0.0066,0.0,0.0056,0.0
18:12:58,18:31:44,0.0486,0.0032,0.3712,0.2053,0.1503,0.0212,0.0063,0.1831,0.006,0.0,0.0048,0.0
18:14:30,18:33:03,0.0503,0.0038,0.3392,0.1991,0.1539,0.0219,0.0066,0.2131,0.0066,0.0,0.0055,0.0
18:16:12,18:35:53,0.0563,0.005,0.3536,0.1828,0.1696,0.0239,0.0065,0.1898,0.0072,0.0,0.0053,0.0
18:17:38,18:39:23,0.055,0.0032,0.3563,0.1808,0.1713,0.0245,0.0067,0.1898,0.0068,0.0,0.0056,0.0
18:20:12,18:42:29,0.0556,0.0038,0.3551,0.1816,0.1689,0.0241,0.0068,0.1916,0.0068,0.0,0.0057,0.0
18:22:05,18:46:00,0.0552,0.0032,0.3564,0.1803,0.1707,0.0246,0.0067,0.1906,0.0068,0.0,0.0055,0.0
18:24:17,18:49:25,0.0552,0.0032,0.3554,0.181,0.1711,0.0245,0.0067,0.1906,0.0067,0.0,0.0056,0.0
18:26:22,18:50:05,0.0485,0.0032,0.3768,0.1914,0.15,0.0212,0.0064,0.1912,0.0062,0.0,0.0051,0.0
18:28:23,18:50:20,0.0479,0.0036,0.3585,0.2273,0.1467,0.0207,0.0067,0.1764,0.0069,0.0001,0.0052,0.0
18:31:07,18:51:40,0.05,0.0032,0.3747,0.1773,0.1546,0.022,0.0063,0.2001,0.0066,0.0,0.0052,0.0
18:31:44,18:53:28,0.053,0.0032,0.3571,0.1904,0.1677,0.0239,0.0065,0.1862,0.0067,0.0,0.0053,0.0
18:33:03,18:56:58,0.0545,0.0032,0.3547,0.1803,0.1702,0.0242,0.0065,0.1941,0.0067,0.0,0.0056,0.0
18:35:58,18:59:21,0.0538,0.0038,0.3555,0.187,0.1674,0.0235,0.0071,0.1887,0.007,0.0001,0.006,0.0001
18:39:24,19:00:59,0.0529,0.0044,0.3466,0.1895,0.162,0.0226,0.0063,0.1935,0.0063,0.002,0.0131,0.0008
18:42:30,19:04:23,0.0555,0.0032,0.3584,0.1799,0.1699,0.0246,0.0066,0.1889,0.0069,0.0,0.0061,0.0
18:46:00,19:07:23,0.0551,0.0039,0.3581,0.1807,0.1667,0.0239,0.0066,0.191,0.0066,0.0011,0.006,0.0003
18:49:25,19:09:03,0.0536,0.0123,0.3463,0.1863,0.1619,0.0226,0.0068,0.1952,0.0067,0.0004,0.0072,0.0007
18:50:05,19:09:05,0.0505,0.0054,0.3649,0.1756,0.1471,0.0217,0.0062,0.2144,0.0087,0.0002,0.0053,0.0
18:50:20,19:09:13,0.048,0.0046,0.3787,0.1925,0.15,0.0207,0.0066,0.1879,0.0062,0.0,0.0048,0.0
18:51:40,19:09:19,0.0502,0.0102,0.3552,0.1933,0.147,0.0207,0.0074,0.2041,0.0063,0.0001,0.0054,0.0001
18:53:28,19:09:26,0.0475,0.0032,0.3516,0.1945,0.1459,0.0205,0.0066,0.2097,0.006,0.0045,0.0089,0.0011
18:56:57,19:09:33,0.0474,0.0032,0.3543,0.1927,0.1456,0.0206,0.006,0.2193,0.0061,0.0,0.0048,0.0
18:59:23,19:09:33,0.0509,0.0032,0.3452,0.2044,0.1501,0.0207,0.0064,0.2036,0.0063,0.0014,0.0077,0.0001
19:00:59,19:09:45,0.0486,0.0048,0.3502,0.2136,0.1513,0.0205,0.0068,0.1921,0.0071,0.0,0.005,0.0
19:04:23,19:09:12,0.0478,0.0039,0.3622,0.2099,0.1463,0.0206,0.0078,0.1885,0.0077,0.0002,0.0051,0.0
19:07:23,19:09:53,0.0518,0.0038,0.355,0.1989,0.1489,0.0205,0.0078,0.1812,0.008,0.0058,0.0177,0.0006
19:09:03,19:09:55,0.0483,0.0043,0.3308,0.2222,0.1475,0.0204,0.0063,0.2078,0.0065,0.0003,0.0054,0.0002
19:09:06,19:09:54,0.0499,0.0038,0.3356,0.2056,0.1597,0.0212,0.0063,0.2055,0.0065,0.0,0.0059,0.0
19:09:13,19:10:50,0.0479,0.0033,0.3322,0.2477,0.1546,0.0208,0.0063,0.1761,0.0063,0.0,0.0048,0.0
19:09:19,19:11:09,0.0558,0.0061,0.3353,0.2193,0.154,0.0218,0.0063,0.1903,0.0061,0.0,0.005,0.0
19:09:27,19:11:54,0.0583,0.0057,0.3519,0.1883,0.1697,0.0228,0.0059,0.1856,0.0063,0.0,0.0055,0.0
19:09:33,19:12:35,0.0519,0.0043,0.3482,0.1947,0.1563,0.0221,0.0066,0.2007,0.0066,0.0003,0.0078,0.0005
19:09:33,19:14:09,0.0526,0.0053,0.3435,0.1838,0.1701,0.023,0.0063,0.2015,0.0065,0.0002,0.0067,0.0005
19:09:45,19:15:10,0.0508,0.0201,0.3465,0.1841,0.162,0.0223,0.0071,0.1934,0.0077,0.0,0.006,0.0
19:09:12,19:15:04,0.0495,0.004,0.3543,0.2025,0.1508,0.0209,0.0061,0.1976,0.0061,0.0005,0.0071,0.0006
19:09:53,19:16:41,0.0539,0.0034,0.3557,0.183,0.1645,0.022,0.0062,0.1951,0.0065,0.0,0.0097,0.0
19:09:56,19:17:25,0.0486,0.0032,0.4028,0.1749,0.1538,0.0213,0.0061,0.178,0.0063,0.0,0.005,0.0
19:09:54,19:19:32,0.0523,0.0032,0.3554,0.1778,0.1722,0.023,0.0066,0.197,0.0064,0.0,0.0061,0.0
19:10:49,19:20:01,0.0586,0.0154,0.3441,0.199,0.163,0.021,0.0064,0.1803,0.0065,0.0001,0.0056,0.0
19:11:09,19:20:33,0.0483,0.0036,0.3609,0.2014,0.1504,0.0209,0.0073,0.1936,0.007,0.0001,0.0065,0.0
19:11:54,19:21:18,0.0558,0.0096,0.3499,0.1925,0.1578,0.0213,0.0063,0.1901,0.0065,0.0017,0.0075,0.001
19:12:35,19:23:24,0.0544,0.0112,0.3495,0.1847,0.1657,0.0231,0.0071,0.1897,0.0069,0.0004,0.0066,0.0007
19:14:09,19:24:19,0.0494,0.0034,0.3386,0.1961,0.1554,0.0314,0.0065,0.2065,0.0068,0.0,0.0059,0.0
19:15:11,19:24:50,0.0495,0.0032,0.3464,0.188,0.1506,0.0212,0.0072,0.2198,0.007,0.0001,0.0069,0.0001
19:15:04,19:25:32,0.0534,0.0072,0.3577,0.1989,0.1586,0.0243,0.0061,0.1794,0.0062,0.0005,0.0058,0.0019
19:16:41,19:26:14,0.05,0.0048,0.34,0.2288,0.1526,0.0227,0.0065,0.1812,0.0068,0.0,0.0058,0.0008
19:17:25,19:26:37,0.0569,0.0067,0.3349,0.2187,0.1508,0.0219,0.0061,0.1928,0.0062,0.0,0.005,0.0
19:19:32,19:27:34,0.0583,0.0049,0.3504,0.1962,0.1688,0.0235,0.0061,0.1803,0.0064,0.0,0.0051,0.0
19:20:01,19:28:42,0.052,0.0044,0.346,0.1932,0.1609,0.0223,0.0068,0.1999,0.0065,0.0005,0.0069,0.0006
19:20:34,19:29:21,0.0506,0.0043,0.3382,0.2126,0.152,0.0214,0.0068,0.1984,0.007,0.0003,0.0078,0.0006
19:21:18,19:30:31,0.0543,0.0077,0.3559,0.1848,0.1647,0.0255,0.0066,0.1853,0.0067,0.0002,0.0061,0.0022
19:23:24,19:31:17,0.0516,0.0057,0.356,0.1865,0.1557,0.024,0.0065,0.1994,0.0066,0.0001,0.0065,0.0014
19:24:19,19:32:28,0.051,0.0047,0.3461,0.1849,0.1591,0.0231,0.0069,0.2101,0.0073,0.0,0.006,0.0008
19:24:48,19:33:18,0.0541,0.0056,0.3407,0.1921,0.1594,0.0215,0.0075,0.2052,0.0075,0.0001,0.0062,0.0001
19:25:35,19:34:43,0.0512,0.0034,0.3445,0.1929,0.1579,0.0221,0.0082,0.2052,0.0084,0.0,0.006,0.0002
19:26:13,19:35:09,0.0486,0.0032,0.3336,0.1962,0.1498,0.021,0.0099,0.2218,0.0102,0.0,0.0057,0.0
19:26:37,19:35:14,0.0471,0.0032,0.3291,0.183,0.1458,0.0206,0.0089,0.2483,0.009,0.0,0.005,0.0
19:27:34,19:35:25,0.0471,0.0032,0.3296,0.188,0.146,0.0205,0.0087,0.2432,0.0089,0.0,0.0048,0.0
19:28:42,19:35:33,0.0471,0.0032,0.3302,0.1868,0.1462,0.0206,0.0083,0.2446,0.0082,0.0,0.0048,0.0
19:29:20,19:35:40,0.0471,0.0032,0.3295,0.1847,0.1458,0.0205,0.0083,0.2477,0.0084,0.0,0.0048,0.0
19:30:31,19:35:50,0.0474,0.0032,0.3304,0.1887,0.1473,0.0206,0.0084,0.2404,0.0086,0.0,0.005,0.0
19:31:17,19:35:57,0.0471,0.0032,0.3297,0.1862,0.1455,0.0206,0.0083,0.2462,0.0084,0.0,0.0048,0.0
19:32:28,19:36:03,0.047,0.0032,0.33,0.1867,0.147,0.0205,0.0084,0.2439,0.0083,0.0,0.005,0.0
19:33:18,19:35:31,0.0473,0.0032,0.33,0.1817,0.1459,0.0206,0.0074,0.2512,0.0077,0.0,0.005,0.0
19:34:43,19:36:58,0.0493,0.0032,0.3401,0.1856,0.1564,0.022,0.0062,0.2257,0.0064,0.0,0.0051,0.0
19:35:09,19:38:30,0.0524,0.0048,0.3451,0.1951,0.1615,0.023,0.0085,0.1962,0.0084,0.0,0.005,0.0
19:35:14,19:39:03,0.0486,0.0032,0.334,0.2013,0.1513,0.0211,0.0095,0.2154,0.0097,0.0,0.0059,0.0
19:35:25,19:39:12,0.0472,0.0034,0.3303,0.181,0.1461,0.0206,0.009,0.2485,0.009,0.0,0.0049,0.0
19:35:33,19:39:19,0.0474,0.0032,0.3302,0.1866,0.1475,0.0205,0.0088,0.2421,0.0087,0.0,0.005,0.0
19:35:40,19:39:26,0.0472,0.0032,0.3287,0.1844,0.1453,0.0206,0.0093,0.2483,0.0082,0.0,0.0048,0.0
19:35:50,19:39:33,0.047,0.0032,0.329,0.1827,0.1454,0.0205,0.0077,0.2514,0.0083,0.0,0.0048,0.0
19:35:57,19:39:40,0.047,0.0032,0.3302,0.1882,0.1466,0.0205,0.0094,0.2417,0.0084,0.0,0.0048,0.0
19:36:03,19:39:46,0.0472,0.0032,0.3288,0.1845,0.1453,0.0206,0.0068,0.2503,0.0085,0.0,0.0048,0.0
19:35:31,19:39:53,0.047,0.0032,0.3285,0.1837,0.1453,0.0205,0.008,0.2506,0.0084,0.0,0.0048,0.0
19:37:02,19:40:00,0.047,0.0032,0.3295,0.1885,0.1463,0.0205,0.0081,0.2435,0.0083,0.0,0.0051,0.0
19:38:31,19:40:17,0.048,0.0032,0.3325,0.1949,0.1484,0.0208,0.0085,0.23,0.0085,0.0,0.0052,0.0
19:39:03,19:40:49,0.048,0.0032,0.334,0.1951,0.1502,0.021,0.0093,0.2241,0.0097,0.0,0.0054,0.0
19:39:12,19:39:51,0.0471,0.0032,0.3297,0.1843,0.1466,0.0205,0.009,0.246,0.0086,0.0,0.005,0.0
19:39:19,19:41:01,0.0471,0.0032,0.3295,0.1869,0.1456,0.0206,0.0081,0.2461,0.0079,0.0,0.005,0.0
19:39:26,19:41:09,0.047,0.0032,0.3304,0.1855,0.1472,0.0205,0.0079,0.2451,0.0084,0.0,0.0048,0.0
19:39:33,19:41:16,0.0471,0.0032,0.3289,0.1852,0.1452,0.0205,0.0082,0.2485,0.0084,0.0,0.0048,0.0
19:39:40,19:41:23,0.0471,0.0032,0.3292,0.183,0.1453,0.0206,0.0082,0.25,0.0086,0.0,0.0048,0.0
19:39:46,19:41:32,0.0472,0.0032,0.3296,0.1858,0.1467,0.0205,0.0086,0.2452,0.0084,0.0,0.0048,0.0
19:39:53,19:41:40,0.047,0.0032,0.33,0.1839,0.1463,0.0206,0.009,0.2462,0.009,0.0,0.0048,0.0
19:40:00,19:41:48,0.0472,0.0032,0.3302,0.1858,0.1458,0.0206,0.0082,0.2454,0.0085,0.0,0.0051,0.0
19:40:16,19:41:18,0.0488,0.004,0.3318,0.187,0.1499,0.0208,0.0071,0.2382,0.0069,0.0,0.0055,0.0
19:40:49,19:42:00,0.0501,0.004,0.3335,0.1962,0.1521,0.0211,0.0061,0.2231,0.0062,0.0005,0.0065,0.0006
19:39:51,19:45:52,0.0558,0.0032,0.3533,0.1809,0.172,0.0243,0.0065,0.1915,0.0069,0.0,0.0056,0.0
19:41:01,19:47:17,0.0544,0.0048,0.3492,0.1879,0.162,0.0224,0.007,0.1917,0.0073,0.0004,0.0123,0.0006
19:41:09,19:49:04,0.0532,0.0038,0.3513,0.1848,0.1649,0.0239,0.007,0.1985,0.0072,0.0,0.0054,0.0
19:41:16,19:49:39,0.0491,0.0204,0.3355,0.1872,0.1496,0.0212,0.0077,0.2153,0.0073,0.0001,0.0065,0.0001
19:41:23,19:50:16,0.0502,0.004,0.3367,0.205,0.156,0.0212,0.0072,0.2044,0.0072,0.0005,0.0071,0.0005
19:41:32,19:52:40,0.054,0.0042,0.35,0.1799,0.1639,0.0237,0.0067,0.204,0.0073,0.0,0.006,0.0003
19:41:40,19:54:24,0.0512,0.0032,0.3443,0.1917,0.1589,0.0225,0.007,0.2084,0.007,0.0,0.0057,0.0001
19:41:48,19:57:22,0.055,0.0038,0.3509,0.1816,0.1673,0.0239,0.0066,0.1985,0.0069,0.0,0.0055,0.0
19:41:18,20:00:12,0.0544,0.0032,0.3498,0.1808,0.1676,0.0238,0.007,0.2004,0.0069,0.0,0.0061,0.0
19:42:39,20:03:17,0.0549,0.0032,0.3552,0.1826,0.1713,0.0244,0.0066,0.1895,0.0069,0.0,0.0054,0.0
19:45:47,20:06:26,0.054,0.0032,0.3598,0.1801,0.1673,0.0241,0.0065,0.1929,0.0067,0.0,0.0054,0.0
19:47:16,20:06:39,0.0475,0.0032,0.3733,0.221,0.1455,0.0207,0.0059,0.1721,0.006,0.0,0.0048,0.0
19:49:04,20:09:01,0.0527,0.0032,0.3602,0.188,0.1643,0.0232,0.0067,0.1897,0.0066,0.0,0.0054,0.0
19:49:34,20:09:04,0.0471,0.0032,0.3874,0.2095,0.1452,0.0205,0.0059,0.1704,0.006,0.0,0.0048,0.0
19:50:16,20:11:49,0.0536,0.0032,0.3481,0.1974,0.1658,0.0236,0.0067,0.1892,0.0067,0.0,0.0057,0.0
19:52:40,20:14:28,0.0537,0.0038,0.369,0.1803,0.1645,0.0236,0.0063,0.1869,0.0064,0.0,0.0055,0.0
19:54:23,20:18:00,0.0554,0.0032,0.3546,0.1817,0.17,0.0247,0.0067,0.1909,0.0071,0.0,0.0057,0.0
19:57:22,20:19:28,0.0531,0.005,0.3483,0.1961,0.1594,0.0242,0.0067,0.1931,0.0066,0.0001,0.0063,0.0011
20:00:11,20:20:58,0.0526,0.0062,0.3503,0.1947,0.1607,0.0244,0.0072,0.1885,0.0074,0.0001,0.0066,0.0013
20:03:19,20:24:10,0.0544,0.0032,0.3525,0.1807,0.1698,0.0242,0.0067,0.1959,0.0069,0.0,0.0057,0.0
20:06:26,20:26:37,0.0529,0.0032,0.376,0.1786,0.1631,0.0234,0.0063,0.1849,0.0064,0.0,0.0052,0.0
20:06:41,20:30:01,0.0555,0.0038,0.353,0.1821,0.1698,0.0244,0.0068,0.1921,0.0068,0.0,0.0057,0.0
20:09:01,20:32:11,0.0526,0.0032,0.3559,0.1784,0.1624,0.0231,0.0065,0.2058,0.0065,0.0,0.0056,0.0
20:09:04,20:33:09,0.0518,0.0056,0.371,0.1776,0.1538,0.0215,0.0068,0.1997,0.007,0.0,0.0052,0.0
20:11:42,20:36:47,0.0553,0.0032,0.3539,0.1813,0.1706,0.0247,0.0065,0.1924,0.0067,0.0,0.0054,0.0
20:14:25,20:40:13,0.0554,0.0032,0.3547,0.1816,0.17,0.0246,0.0067,0.1912,0.0068,0.0,0.0058,0.0
20:17:59,20:42:54,0.0538,0.0038,0.3707,0.1792,0.1649,0.0235,0.0063,0.186,0.0064,0.0,0.0054,0.0
20:19:28,20:44:15,0.055,0.0116,0.363,0.1808,0.1614,0.0227,0.0066,0.1844,0.0064,0.0011,0.0066,0.0004
20:20:58,20:46:38,0.0526,0.004,0.3461,0.1934,0.1611,0.0228,0.0068,0.2001,0.0069,0.0001,0.006,0.0001
20:24:12,20:48:32,0.0539,0.0042,0.3474,0.185,0.1646,0.023,0.0072,0.198,0.0072,0.0004,0.0083,0.0008
20:26:41,20:49:48,0.052,0.0052,0.3517,0.1897,0.1618,0.022,0.0064,0.1945,0.0066,0.0009,0.008,0.0012
20:30:01,20:51:02,0.0503,0.0036,0.3387,0.1902,0.1566,0.0219,0.0074,0.2177,0.0077,0.0001,0.0058,0.0
20:32:11,20:54:23,0.0548,0.0032,0.3543,0.1807,0.1702,0.0244,0.0067,0.1935,0.0067,0.0,0.0055,0.0
20:33:13,20:56:38,0.0525,0.0032,0.3774,0.1774,0.1624,0.0231,0.0063,0.1861,0.0064,0.0,0.0052,0.0
20:36:49,20:57:10,0.0486,0.0038,0.3703,0.186,0.1493,0.021,0.0063,0.1903,0.0064,0.0055,0.012,0.0005
20:40:13,20:57:40,0.0492,0.0032,0.3689,0.1798,0.1534,0.0215,0.0062,0.1951,0.0064,0.0029,0.0128,0.0006
20:42:54,21:00:07,0.0528,0.0032,0.3709,0.1792,0.1635,0.0229,0.0066,0.1888,0.0065,0.0,0.0056,0.0
20:44:15,21:02:19,0.0555,0.0081,0.358,0.184,0.1626,0.0229,0.0064,0.1886,0.0066,0.0012,0.0057,0.0004
20:46:43,21:04:27,0.0569,0.0111,0.3565,0.1811,0.1636,0.023,0.0064,0.1869,0.0066,0.0005,0.0068,0.0006
20:48:34,21:07:00,0.053,0.0032,0.3726,0.1785,0.1638,0.0235,0.0065,0.1868,0.0067,0.0,0.0054,0.0
20:49:51,21:10:30,0.0552,0.0032,0.3563,0.1821,0.1721,0.0246,0.0065,0.1877,0.0066,0.0,0.0057,0.0
20:51:02,21:13:56,0.0557,0.0038,0.3544,0.1816,0.1702,0.0244,0.0066,0.1912,0.0066,0.0,0.0055,0.0
20:54:23,21:16:20,0.053,0.0032,0.3477,0.1846,0.1626,0.0233,0.0084,0.2033,0.0079,0.0,0.006,0.0
20:56:39,21:16:52,0.0493,0.0032,0.3359,0.1988,0.1525,0.0211,0.0094,0.2146,0.0097,0.0,0.0055,0.0
20:57:10,21:16:58,0.0475,0.0032,0.3286,0.1934,0.1463,0.0206,0.0083,0.2385,0.0085,0.0,0.0051,0.0
20:57:40,21:17:04,0.047,0.0032,0.3293,0.1844,0.1476,0.0205,0.0088,0.2456,0.0086,0.0,0.005,0.0
21:00:08,21:17:10,0.047,0.0032,0.3287,0.1839,0.1454,0.0205,0.0081,0.25,0.0084,0.0,0.0048,0.0
21:02:19,21:17:16,0.047,0.0032,0.3291,0.1866,0.145,0.0205,0.0085,0.247,0.0083,0.0,0.0048,0.0
21:04:27,21:17:22,0.0471,0.0032,0.3297,0.1874,0.1461,0.0205,0.0082,0.2445,0.0085,0.0,0.0048,0.0
21:07:00,21:17:28,0.0471,0.0032,0.3298,0.187,0.1457,0.0206,0.0084,0.245,0.0084,0.0,0.0048,0.0
21:10:28,21:17:35,0.047,0.0032,0.329,0.1815,0.1465,0.0205,0.008,0.2511,0.0084,0.0,0.0048,0.0
21:13:56,21:17:40,0.047,0.0032,0.3296,0.1853,0.1456,0.0205,0.0084,0.2471,0.0085,0.0,0.0048,0.0
21:16:20,21:17:47,0.047,0.0032,0.3297,0.1832,0.1456,0.0205,0.0083,0.2494,0.0083,0.0,0.0048,0.0
21:16:52,21:17:50,0.0472,0.0032,0.3291,0.1799,0.1454,0.0205,0.0079,0.2539,0.0081,0.0,0.0048,0.0
21:16:58,21:19:11,0.0498,0.0032,0.3379,0.1922,0.1568,0.022,0.0064,0.2195,0.0068,0.0,0.0054,0.0
21:17:04,21:21:29,0.0536,0.0036,0.3464,0.1932,0.1657,0.0233,0.0073,0.1936,0.0074,0.0001,0.0058,0.0
21:17:10,21:23:14,0.0513,0.0032,0.3748,0.1826,0.1605,0.0227,0.0066,0.1864,0.0067,0.0,0.0052,0.0
21:17:16,21:23:15,0.047,0.0032,0.3809,0.2165,0.1449,0.0205,0.0059,0.1703,0.006,0.0,0.0048,0.0
21:17:22,21:24:28,0.0504,0.0032,0.3691,0.1888,0.1569,0.0218,0.0067,0.1907,0.0065,0.0,0.0059,0.0
21:17:28,21:27:45,0.0556,0.0038,0.3538,0.1822,0.1711,0.0243,0.0066,0.1901,0.007,0.0,0.0055,0.0
21:17:35,21:31:01,0.0547,0.0032,0.3545,0.1805,0.1679,0.0243,0.0067,0.1956,0.0068,0.0,0.0058,0.0
21:17:40,21:33:00,0.0519,0.0032,0.3522,0.1772,0.1608,0.0228,0.0063,0.2141,0.0063,0.0,0.0052,0.0
21:17:47,21:34:34,0.0533,0.0056,0.3623,0.1795,0.1599,0.0223,0.007,0.1973,0.0073,0.0,0.0055,0.0
21:17:50,21:37:48,0.0547,0.0032,0.363,0.1809,0.168,0.0243,0.0065,0.1874,0.0066,0.0,0.0054,0.0
21:19:07,21:41:29,0.0555,0.0032,0.3541,0.182,0.171,0.0248,0.0067,0.1901,0.0068,0.0,0.0058,0.0
21:21:27,21:43:39,0.0528,0.0038,0.3773,0.1789,0.1608,0.023,0.0064,0.1853,0.0064,0.0,0.0053,0.0
21:23:14,21:47:02,0.055,0.0032,0.3561,0.1811,0.1691,0.0245,0.0067,0.1919,0.0068,0.0,0.0056,0.0
21:23:15,21:49:47,0.0536,0.0032,0.3475,0.1803,0.1645,0.0236,0.0066,0.2088,0.0065,0.0,0.0054,0.0
21:24:28,21:50:35,0.0489,0.0036,0.3375,0.1962,0.1528,0.0213,0.008,0.2178,0.0082,0.0001,0.0056,0.0
21:27:46,21:53:52,0.0548,0.0032,0.3529,0.1823,0.1706,0.0244,0.0065,0.1931,0.0067,0.0,0.0055,0.0
21:31:01,21:55:59,0.0522,0.0032,0.3758,0.1798,0.1611,0.0229,0.0064,0.1867,0.0067,0.0,0.0052,0.0
21:33:00,21:59:25,0.0557,0.0038,0.3526,0.1825,0.172,0.0244,0.0068,0.1898,0.0067,0.0,0.0057,0.0
21:34:34,22:02:34,0.0551,0.0032,0.3529,0.183,0.1707,0.0243,0.0066,0.1921,0.0067,0.0,0.0054,0.0
21:37:53,22:04:58,0.0524,0.0032,0.3771,0.178,0.162,0.0232,0.0063,0.1861,0.0065,0.0,0.0052,0.0
21:41:29,22:06:22,0.0505,0.0032,0.3413,0.2231,0.1574,0.022,0.0067,0.1839,0.0067,0.0,0.0052,0.0
21:43:39,22:06:41,0.0526,0.0056,0.3334,0.2434,0.1473,0.0211,0.0061,0.1796,0.0061,0.0,0.0048,0.0
21:47:04,22:07:18,0.0606,0.0058,0.351,0.1941,0.1647,0.0233,0.0061,0.183,0.0062,0.0,0.0052,0.0
21:49:47,22:08:09,0.0513,0.0196,0.3405,0.1805,0.1549,0.0225,0.0082,0.2093,0.0079,0.0,0.0053,0.0
21:50:35,22:08:16,0.0472,0.0032,0.3962,0.1918,0.1456,0.0206,0.0065,0.1768,0.007,0.0,0.0051,0.0
21:53:47,22:08:16,0.0468,0.0032,0.3725,0.2203,0.1447,0.0204,0.0061,0.1751,0.0061,0.0,0.0048,0.0
21:56:00,22:08:41,0.0485,0.0032,0.3337,0.1926,0.1494,0.021,0.0092,0.2278,0.0094,0.0,0.0052,0.0
21:59:25,22:08:49,0.047,0.0032,0.3296,0.1852,0.1463,0.0205,0.0088,0.2452,0.0091,0.0,0.0051,0.0
22:02:35,22:08:56,0.0471,0.0032,0.3294,0.1835,0.1464,0.0205,0.0087,0.2478,0.0086,0.0,0.0048,0.0
22:04:58,22:09:03,0.0471,0.0032,0.3296,0.1817,0.1454,0.0206,0.0086,0.25,0.0088,0.0,0.005,0.0
22:06:18,22:09:09,0.0471,0.0032,0.3342,0.1888,0.1457,0.0205,0.0077,0.2403,0.0076,0.0,0.0049,0.0
22:06:42,22:09:12,0.0473,0.0032,0.3409,0.1864,0.1454,0.0205,0.0067,0.2383,0.0065,0.0,0.0048,0.0
22:07:18,22:09:17,0.0475,0.0032,0.3285,0.1837,0.1463,0.0205,0.0076,0.2499,0.0078,0.0,0.005,0.0
22:08:09,22:09:22,0.0475,0.0032,0.3285,0.1796,0.1454,0.0205,0.0084,0.2532,0.0088,0.0,0.0049,0.0
22:08:16,22:09:29,0.047,0.0032,0.3283,0.1845,0.1465,0.0205,0.0084,0.2485,0.0083,0.0,0.0048,0.0
22:08:13,22:09:35,0.0471,0.0032,0.3287,0.1847,0.1462,0.0205,0.0081,0.2483,0.0084,0.0,0.0048,0.0
22:08:41,22:09:41,0.0473,0.0032,0.3297,0.188,0.146,0.0205,0.0081,0.2441,0.0081,0.0,0.005,0.0
22:08:49,22:10:00,0.0488,0.0032,0.334,0.1934,0.1489,0.0209,0.0067,0.232,0.0065,0.0006,0.005,0.0
22:08:56,22:10:13,0.0571,0.0076,0.336,0.1985,0.1527,0.0217,0.0059,0.2094,0.006,0.0,0.0051,0.0
22:09:03,22:10:28,0.0549,0.0182,0.3383,0.1794,0.1511,0.0217,0.0062,0.2179,0.0064,0.0,0.0059,0.0
22:09:09,22:10:41,0.0586,0.0073,0.3455,0.1941,0.1615,0.0219,0.0062,0.1932,0.0066,0.0,0.0051,0.0
22:09:12,22:10:29,0.0507,0.0172,0.3373,0.177,0.1504,0.0213,0.0062,0.2286,0.0062,0.0,0.0051,0.0
22:09:17,22:11:24,0.0628,0.0078,0.3458,0.1948,0.1571,0.0228,0.0062,0.1914,0.0062,0.0,0.0051,0.0
22:09:22,22:11:51,0.0535,0.0052,0.3557,0.1832,0.1561,0.0228,0.0065,0.2034,0.0078,0.0003,0.0055,0.0
22:09:29,22:11:55,0.0597,0.0207,0.3441,0.1855,0.1524,0.0206,0.0063,0.1993,0.0066,0.0,0.0048,0.0
22:09:35,22:12:00,0.0494,0.009,0.356,0.1832,0.148,0.0206,0.0075,0.2149,0.0066,0.0,0.0048,0.0
22:09:41,22:12:05,0.0506,0.0104,0.3677,0.1925,0.1462,0.0207,0.0066,0.1921,0.0063,0.0018,0.0051,0.0
22:09:57,22:12:08,0.0478,0.004,0.3338,0.1989,0.147,0.0205,0.0063,0.2309,0.006,0.0,0.0048,0.0
22:10:13,22:12:23,0.0473,0.0032,0.3641,0.1927,0.1465,0.0205,0.0061,0.2087,0.0061,0.0,0.0048,0.0
22:10:28,22:12:24,0.0478,0.0032,0.3377,0.2006,0.1478,0.0206,0.0061,0.2181,0.0061,0.0011,0.009,0.0019
22:10:41,22:12:37,0.0474,0.0032,0.3801,0.1858,0.1506,0.0205,0.0069,0.1824,0.0063,0.0047,0.0111,0.001
22:10:29,22:12:48,0.0474,0.0036,0.3779,0.1899,0.1523,0.0206,0.0075,0.1893,0.0067,0.0,0.0048,0.0
22:11:24,22:12:52,0.0518,0.004,0.3284,0.1972,0.1526,0.0205,0.0076,0.203,0.0092,0.0063,0.0188,0.0006
22:11:51,22:13:02,0.05,0.0064,0.3314,0.2394,0.1484,0.0206,0.0073,0.1804,0.0079,0.0014,0.0066,0.0002
22:11:55,22:13:38,0.0487,0.0034,0.3349,0.2324,0.1573,0.021,0.0072,0.1836,0.0066,0.0,0.0048,0.0001
22:12:00,22:13:56,0.0485,0.0034,0.3333,0.2064,0.1532,0.0209,0.0087,0.2108,0.0095,0.0,0.0053,0.0
22:12:06,22:14:12,0.0474,0.0032,0.3399,0.1865,0.1464,0.0206,0.009,0.232,0.0092,0.0,0.0058,0.0
22:12:08,22:14:19,0.0476,0.0032,0.3305,0.1871,0.1476,0.0206,0.0085,0.2417,0.0084,0.0,0.0048,0.0
22:12:23,22:14:26,0.0473,0.0033,0.3294,0.1856,0.1455,0.0205,0.0083,0.2466,0.0084,0.0,0.0051,0.0
22:12:26,22:14:32,0.047,0.0032,0.3293,0.1888,0.1463,0.0205,0.0081,0.2436,0.0084,0.0,0.0048,0.0
22:12:37,22:14:39,0.0472,0.0032,0.3294,0.1815,0.1457,0.0206,0.0084,0.2504,0.0088,0.0,0.0048,0.0
22:12:47,22:14:46,0.047,0.0032,0.3305,0.1861,0.1466,0.0205,0.0084,0.2444,0.0085,0.0,0.0048,0.0
22:12:52,22:14:52,0.0471,0.0032,0.3292,0.182,0.1458,0.0205,0.0083,0.2508,0.0083,0.0,0.0048,0.0
22:13:02,22:14:59,0.0471,0.0032,0.33,0.1841,0.1464,0.0206,0.0081,0.2474,0.0083,0.0,0.0048,0.0
22:13:38,22:15:06,0.0471,0.0033,0.3292,0.1837,0.1456,0.0205,0.0088,0.2479,0.0089,0.0,0.005,0.0
22:14:00,22:14:39,0.0479,0.0032,0.3543,0.1889,0.1473,0.0208,0.0065,0.2173,0.0065,0.0001,0.0071,0.0001
22:14:12,22:14:49,0.0502,0.005,0.3356,0.2144,0.1495,0.0216,0.0059,0.2055,0.006,0.0004,0.0051,0.0008
22:14:19,22:16:27,0.0518,0.0066,0.3492,0.1816,0.1579,0.0246,0.0062,0.2089,0.0063,0.0,0.0053,0.0016
22:14:26,22:17:25,0.0528,0.0061,0.3544,0.193,0.1576,0.0247,0.0069,0.1884,0.0071,0.0001,0.0071,0.0018
22:14:32,22:18:08,0.0517,0.0057,0.3491,0.1908,0.1539,0.0226,0.0067,0.1962,0.0068,0.0006,0.0146,0.0013
22:14:39,22:20:06,0.0526,0.0036,0.3466,0.1966,0.1677,0.0232,0.0069,0.189,0.0074,0.0,0.0064,0.0
22:14:46,22:21:41,0.0524,0.0036,0.3457,0.1901,0.159,0.0224,0.007,0.2065,0.0069,0.0001,0.0063,0.0
22:14:52,22:22:03,0.0583,0.0162,0.3544,0.1911,0.1553,0.021,0.0067,0.1824,0.0067,0.0005,0.0068,0.0006
22:14:59,22:22:15,0.0482,0.0033,0.3421,0.2335,0.1495,0.0207,0.0061,0.1847,0.006,0.0,0.0059,0.0
22:15:06,22:22:34,0.0544,0.006,0.3354,0.2231,0.1533,0.022,0.0061,0.1888,0.0061,0.0,0.0048,0.0
22:15:20,22:22:29,0.0589,0.0049,0.3524,0.1905,0.1686,0.0228,0.0061,0.1842,0.0063,0.0,0.0053,0.0
22:14:49,22:25:28,0.0542,0.004,0.3526,0.1909,0.1676,0.0238,0.0064,0.1881,0.0067,0.0,0.0056,0.0001
22:16:27,22:27:31,0.0544,0.0056,0.3438,0.1866,0.1626,0.033,0.0067,0.1947,0.0065,0.0,0.0061,0.0
22:17:25,22:30:43,0.0548,0.0034,0.3532,0.1802,0.1694,0.0244,0.0065,0.1957,0.0069,0.0,0.0055,0.0
22:18:03,22:32:03,0.0504,0.0032,0.3593,0.1766,0.1557,0.022,0.0065,0.2141,0.0066,0.0,0.0056,0.0
22:20:06,22:34:28,0.0551,0.0056,0.3507,0.1814,0.1659,0.0232,0.007,0.1985,0.0072,0.0,0.0054,0.0
22:21:41,22:36:59,0.0533,0.0032,0.3574,0.1945,0.1625,0.0236,0.0065,0.187,0.0066,0.0,0.0054,0.0
22:22:03,22:40:03,0.0552,0.004,0.3551,0.1818,0.1704,0.0244,0.0068,0.1899,0.0066,0.0001,0.0057,0.0
22:22:16,22:43:13,0.0552,0.0038,0.3538,0.1827,0.1686,0.0242,0.0067,0.1921,0.007,0.0,0.0059,0.0
22:22:34,22:46:43,0.0553,0.0032,0.3538,0.1805,0.1704,0.0246,0.0065,0.1937,0.0066,0.0,0.0054,0.0
22:22:29,22:49:42,0.0539,0.0032,0.3499,0.18,0.1664,0.0239,0.0067,0.2038,0.0067,0.0,0.0055,0.0
22:25:28,22:50:18,0.0505,0.0045,0.3357,0.1989,0.1503,0.0214,0.0076,0.2095,0.0075,0.0005,0.0131,0.0005
22:27:31,22:52:00,0.0528,0.0049,0.3481,0.1904,0.1685,0.0231,0.0065,0.1892,0.007,0.0005,0.0084,0.0006
22:30:43,22:55:07,0.055,0.0032,0.3533,0.182,0.1702,0.0245,0.0067,0.1931,0.0066,0.0,0.0054,0.0
22:32:03,22:57:59,0.0552,0.0038,0.3506,0.1824,0.1721,0.0242,0.0067,0.1923,0.0069,0.0,0.0058,0.0
22:34:29,23:00:49,0.0534,0.0032,0.349,0.1982,0.1653,0.0235,0.0067,0.1888,0.0067,0.0,0.0052,0.0
22:36:59,23:01:42,0.0511,0.0058,0.3413,0.2013,0.1571,0.0216,0.0069,0.2025,0.0068,0.0001,0.0055,0.0
22:40:03,23:03:59,0.0524,0.0032,0.3485,0.1856,0.1737,0.0231,0.0065,0.1951,0.0067,0.0,0.0052,0.0
22:43:09,23:05:26,0.0516,0.0032,0.3483,0.1936,0.1656,0.0222,0.0066,0.1969,0.0063,0.0,0.0057,0.0
22:46:42,23:07:03,0.051,0.0032,0.3584,0.1917,0.1665,0.0226,0.0063,0.1885,0.0065,0.0,0.0053,0.0
22:49:42,23:07:11,0.0472,0.0032,0.3941,0.2025,0.145,0.0206,0.0059,0.1707,0.006,0.0,0.0048,0.0
22:50:18,23:07:25,0.0474,0.0032,0.3602,0.2339,0.1465,0.0207,0.0059,0.1714,0.006,0.0,0.0048,0.0
22:51:59,23:08:51,0.0512,0.0032,0.3693,0.1802,0.1644,0.0225,0.0064,0.1911,0.0063,0.0,0.0054,0.0
22:55:07,23:11:30,0.0534,0.0032,0.3499,0.1792,0.1743,0.0235,0.0067,0.197,0.0072,0.0,0.0056,0.0
22:57:59,23:14:28,0.0548,0.0046,0.3537,0.1815,0.1716,0.0241,0.0065,0.1907,0.0065,0.0,0.0059,0.0001
23:00:51,23:16:55,0.0524,0.0032,0.3815,0.1789,0.1612,0.0232,0.0063,0.1815,0.0066,0.0,0.0052,0.0
23:01:44,23:18:44,0.0513,0.0032,0.3859,0.1771,0.1597,0.0226,0.0063,0.1819,0.0064,0.0,0.0055,0.0001
23:03:59,23:21:03,0.0529,0.0036,0.3469,0.1967,0.1628,0.0232,0.0075,0.1928,0.0076,0.0001,0.0059,0.0
23:05:28,23:23:04,0.05362710455206818,0.0033257119102057782,0.35803367283309084,0.18364165454167533,0.16680523799625857,0.023799625857410103,0.006547495323217627,0.1920598628143837,0.006755352317605487,0.0,0.0054042818540843895,0.0
